-- MySQL dump 10.16  Distrib 10.2.17-MariaDB, for Linux (x86_64)
--
-- Host: localhost    Database: u722989936_data
-- ------------------------------------------------------
-- Server version	10.2.17-MariaDB

/*!40101 SET @OLD_CHARACTER_SET_CLIENT=@@CHARACTER_SET_CLIENT */;
/*!40101 SET @OLD_CHARACTER_SET_RESULTS=@@CHARACTER_SET_RESULTS */;
/*!40101 SET @OLD_COLLATION_CONNECTION=@@COLLATION_CONNECTION */;
/*!40101 SET NAMES utf8 */;
/*!40103 SET @OLD_TIME_ZONE=@@TIME_ZONE */;
/*!40103 SET TIME_ZONE='+00:00' */;
/*!40014 SET @OLD_UNIQUE_CHECKS=@@UNIQUE_CHECKS, UNIQUE_CHECKS=0 */;
/*!40014 SET @OLD_FOREIGN_KEY_CHECKS=@@FOREIGN_KEY_CHECKS, FOREIGN_KEY_CHECKS=0 */;
/*!40101 SET @OLD_SQL_MODE=@@SQL_MODE, SQL_MODE='NO_AUTO_VALUE_ON_ZERO' */;
/*!40111 SET @OLD_SQL_NOTES=@@SQL_NOTES, SQL_NOTES=0 */;

--
-- Table structure for table `auditoria`
--

DROP TABLE IF EXISTS `auditoria`;
/*!40101 SET @saved_cs_client     = @@character_set_client */;
/*!40101 SET character_set_client = utf8 */;
CREATE TABLE `auditoria` (
  `idauditoria` int(11) NOT NULL AUTO_INCREMENT,
  `logina` varchar(45) CHARACTER SET utf8 COLLATE utf8_spanish_ci DEFAULT NULL,
  `fecha_sesion` varchar(45) CHARACTER SET utf8 COLLATE utf8_spanish_ci DEFAULT NULL,
  `hora_sesion` varchar(45) CHARACTER SET utf8 COLLATE utf8_spanish_ci DEFAULT NULL,
  PRIMARY KEY (`idauditoria`)
) ENGINE=InnoDB AUTO_INCREMENT=65 DEFAULT CHARSET=utf8 COLLATE=utf8_unicode_ci;
/*!40101 SET character_set_client = @saved_cs_client */;

--
-- Dumping data for table `auditoria`
--

/*!40000 ALTER TABLE `auditoria` DISABLE KEYS */;
INSERT INTO `auditoria` VALUES (1,'mattmk18','',''),(2,'mattmk18','',''),(3,'mattmk18','',''),(4,'mattmk18','19-10-2018','10 : 53'),(5,'scollahua','19-10-2018','10 : 54'),(6,'scollahua','19-10-2018','10 : 55'),(7,'mattmk18','19-10-2018','11 : 49'),(8,'mattmk18','19-10-2018','13 : 12'),(9,'Mattmk18','19-10-2018','13 : 27'),(10,'Mattmk18','19-10-2018','13 : 28'),(11,'mattmk18','19-10-2018','14 : 19'),(12,'mattmk18','19-10-2018','14 : 20'),(13,'Mattmk18','19-10-2018','15 : 18'),(14,'Mattmk18','19-10-2018','15 : 19'),(15,'Mattmk18','19-10-2018','15 : 20'),(16,'Mattmk18','19-10-2018','15 : 20'),(17,'mattmk18','19-10-2018','16 : 27'),(18,'mattmk18','19-10-2018','16 : 40'),(19,'mattmk18','19-10-2018','16 : 42'),(20,'Mattmk18','19-10-2018','17 : 16'),(21,'Mattmk18','19-10-2018','17 : 18'),(22,'Mattmk18','19-10-2018','17 : 18'),(23,'mattmk18','19-10-2018','17 : 19'),(24,'Mattmk18','19-10-2018','17 : 19'),(25,'mchacaltana','19-10-2018','17 : 20'),(26,'Mattmk18','19-10-2018','17 : 20'),(27,'Mattmk18','19-10-2018','17 : 21'),(28,'Mattmk18','19-10-2018','17 : 21'),(29,'mattmk18','19-10-2018','19 : 25'),(30,'mattmk1','19-10-2018','19 : 55'),(31,'mattmk18','19-10-2018','19 : 55'),(32,'mattmk18','19-10-2018','20 : 10'),(33,'mattmk18','20-10-2018','2 : 39'),(34,'Mattmk18','20-10-2018','12 : 44'),(35,'Mattmk18','20-10-2018','12 : 44'),(36,'Mattmk18','20-10-2018','13 : 29'),(37,'Mattmk18','20-10-2018','13 : 29'),(38,'Mattmk18','20-10-2018','13 : 30'),(39,'scollahua','20-10-2018','14 : 57'),(40,'mattmk18','20-10-2018','15 : 28'),(41,'mattmk18','20-10-2018','15 : 29'),(42,'mattmk18','20-10-2018','16 : 7'),(43,'mattmk18','20-10-2018','17 : 8'),(44,'mattmk18','20-10-2018','18 : 7'),(45,'scollaua','20-10-2018','19 : 37'),(46,'scollahua','20-10-2018','19 : 45'),(47,'Mattmk18','21-10-2018','13 : 9'),(48,'mattmk18','21-10-2018','14 : 29'),(49,'mattmk18','21-10-2018','14 : 29'),(50,'mattmk18','21-10-2018','16 : 26'),(51,'scollahu','21-10-2018','16 : 56'),(52,'scollahu','21-10-2018','16 : 56'),(53,'scollahua','21-10-2018','16 : 56'),(54,'scollahua','22-10-2018','8 : 6'),(55,'scollahua','22-10-2018','11 : 51'),(56,'mattmk18','22-10-2018','20 : 39'),(57,'mattmk18','22-10-2018','20 : 40'),(58,'mattmk18','22-10-2018','20 : 40'),(59,'mattmk18','22-10-2018','23 : 47'),(60,'Mattmk18','23-10-2018','11 : 30'),(61,'','23-10-2018','14 : 4'),(62,'mattmk18','23-10-2018','14 : 5'),(63,'mattmk18','23-10-2018','14 : 5'),(64,'mattmk18','23-10-2018','14 : 5');
/*!40000 ALTER TABLE `auditoria` ENABLE KEYS */;

--
-- Table structure for table `datos_principales`
--

DROP TABLE IF EXISTS `datos_principales`;
/*!40101 SET @saved_cs_client     = @@character_set_client */;
/*!40101 SET character_set_client = utf8 */;
CREATE TABLE `datos_principales` (
  `iddatos_principales` int(11) NOT NULL AUTO_INCREMENT,
  `apellido_paterno` varchar(20) COLLATE utf8_spanish2_ci DEFAULT NULL,
  `apellido_materno` varchar(20) COLLATE utf8_spanish2_ci DEFAULT NULL,
  `nombres` varchar(45) COLLATE utf8_spanish2_ci DEFAULT NULL,
  `fecha_nacimiento` varchar(45) COLLATE utf8_spanish2_ci DEFAULT NULL,
  `nro_contacto` varchar(20) COLLATE utf8_spanish2_ci DEFAULT NULL,
  `estado_civil` varchar(20) COLLATE utf8_spanish2_ci DEFAULT NULL,
  `grupo_sanguineo` varchar(10) COLLATE utf8_spanish2_ci DEFAULT NULL,
  `iddepartamento` int(11) NOT NULL,
  `idprovincia` int(11) NOT NULL,
  `iddistrito` int(11) NOT NULL,
  `domicilio` varchar(45) COLLATE utf8_spanish2_ci DEFAULT NULL,
  `grado` varchar(45) COLLATE utf8_spanish2_ci DEFAULT NULL,
  `especialidad` varchar(45) COLLATE utf8_spanish2_ci DEFAULT NULL,
  `cip` varchar(20) COLLATE utf8_spanish2_ci DEFAULT NULL,
  `codofin` varchar(45) COLLATE utf8_spanish2_ci DEFAULT NULL,
  `dni` varchar(8) COLLATE utf8_spanish2_ci DEFAULT NULL,
  `fecha_incorporacion_unidad` varchar(45) COLLATE utf8_spanish2_ci DEFAULT NULL,
  `oficio` varchar(20) COLLATE utf8_spanish2_ci DEFAULT NULL,
  `unidad_procedencia` varchar(45) COLLATE utf8_spanish2_ci DEFAULT NULL,
  `tiempo_servicio_general` int(2) DEFAULT NULL,
  `fecha_ingreso_pnp` varchar(45) COLLATE utf8_spanish2_ci DEFAULT NULL,
  `fecha_egreso_escuela` varchar(45) COLLATE utf8_spanish2_ci DEFAULT NULL,
  `fecha_ultimo_ascenso` varchar(45) COLLATE utf8_spanish2_ci DEFAULT NULL,
  `departamento_labor` varchar(45) COLLATE utf8_spanish2_ci DEFAULT NULL,
  `area_labor` varchar(45) COLLATE utf8_spanish2_ci DEFAULT NULL,
  `cargo_labor` varchar(45) COLLATE utf8_spanish2_ci DEFAULT NULL,
  `clase_arma` varchar(20) COLLATE utf8_spanish2_ci DEFAULT NULL,
  `marca_arma` varchar(20) COLLATE utf8_spanish2_ci DEFAULT NULL,
  `serie_arma` varchar(20) COLLATE utf8_spanish2_ci DEFAULT NULL,
  `caf_nro` varchar(20) COLLATE utf8_spanish2_ci DEFAULT NULL,
  PRIMARY KEY (`iddatos_principales`),
  KEY `iddepartamento` (`iddepartamento`),
  KEY `idprovincia` (`idprovincia`),
  KEY `iddistrito` (`iddistrito`),
  CONSTRAINT `datos_principales_ibfk_1` FOREIGN KEY (`iddepartamento`) REFERENCES `departamentos` (`iddepartamentos`),
  CONSTRAINT `datos_principales_ibfk_2` FOREIGN KEY (`idprovincia`) REFERENCES `provincias` (`idprovincias`),
  CONSTRAINT `datos_principales_ibfk_3` FOREIGN KEY (`iddistrito`) REFERENCES `distritos` (`iddistritos`)
) ENGINE=InnoDB AUTO_INCREMENT=7 DEFAULT CHARSET=utf8 COLLATE=utf8_spanish2_ci;
/*!40101 SET character_set_client = @saved_cs_client */;

--
-- Dumping data for table `datos_principales`
--

/*!40000 ALTER TABLE `datos_principales` DISABLE KEYS */;
INSERT INTO `datos_principales` VALUES (1,'Mejia','Cuba','Richard Luis','1997-10-05','959504606','Soltero(a)','O Positivo',11,110100,110101,'Prol. Chota 385','CIVIL','Ingenieria de  Sistemas','NO CTA','NO CTA','74143177','NO CTA','NO CTA','NO CTA',0,'','NO CTA','NO CTA','0','0','0','NO CTA','NO CTA','NO CTA','NO CTA'),(2,'Dionisio','Mendoza','Plinio Juan','1979-02-23','941723807','Soltero(a)','A Positivo',12,120100,120101,'Urb. Los Portales Sol de Ica 9 Etapa G-11','MAYOR','Orden Público','335407','DESCONOCIDO','44432669','2018-07-20','DESCONOCIDO','Escuela de Postgrado',18,'1996-03-04','2000-01-01','2018-01-01','ORDEN Y SEGURIDAD POLICIAL','DELITOS Y FALTAS','JEFE DE SECCION','Pistola','SIG SAUER','24B313093','05952'),(3,'Chavez','Salguero','Nolly Mabel','1969-10-15','982027523','Soltero(a)','O Positivo',11,110100,110101,'Calle Chiclayo 520 A -103 Ica','SUBOFICIAL BRIGADIER','Violencia Familiar','31104642','175625','31023918','2018-03-06','663','REGPOL ICA',28,'1990-08-01','1989-07-01','2012-01-01','ORDEN Y SEGURIDAD POLICIAL','SEGURIDAD INTERNA','RECEPCION DE DENUNCIAS','PISTOLA','BAIKAL','BPA5571','74245'),(4,'Chacaltana','Gomez','Maria Isabel','1960-06-14','944676816','Casado(a)','O Positivo',11,110100,110101,'Los Aquijes 3 Octubre','SUBOFICIAL TÉCNICO DE PRIMERA','DESCONOCIDO','31104642','DESCONOCIDO','21475408','','','REGPOL ICA',0,'1995-12-01','','2012-07-11','ORDEN Y SEGURIDAD POLICIAL','DELITOS Y FALTAS','RECEPCION DE DENUNCIAS','PISTOLA','','',''),(5,'Collahua','Marroquin','Solange Antuanet','1997-05-13','940344997','Soltero(a)','O Positivo',11,110100,110102,'AA. HH. Las Flores MZ2 Lote 12 Tinguiña','SUBOFICIAL DE TERCERA','DESCONOCIDO','31919714','112236504','76806908','2018-02-01','DESCONOCIDO','UTSEVI',2,'2014-11-12','2015-12-31','','ORDEN Y SEGURIDAD POLICIAL','DELITOS Y FALTAS','RECEPCION DE DENUNCIAS','PISTOLA','DESCONOCIDO','DESCONOCIDO','DESCONOCIDO'),(6,'DONAYRE','SANTA CRUZ','CARLOS ENRIQUE','1963-01-27','972081890','Casado(a)','O Positivo',11,110100,110101,'CASERIO DE CACHICHE LL-5','SUBOFICIAL SUPERIOR','ESTADISTICO','30178408','DESCONOCIDO','43650302','','','MERGENCIA 105',35,'1982-07-01','1982-10-01','2007-01-01','ADMINISTRACION','ESTADÍSTICA','ESTADISTICO','REVOLVER','TAURUS','','');
/*!40000 ALTER TABLE `datos_principales` ENABLE KEYS */;

--
-- Table structure for table `denuncias`
--

DROP TABLE IF EXISTS `denuncias`;
/*!40101 SET @saved_cs_client     = @@character_set_client */;
/*!40101 SET character_set_client = utf8 */;
CREATE TABLE `denuncias` (
  `iddenuncias` int(11) NOT NULL AUTO_INCREMENT,
  `usuario_registro` varchar(45) COLLATE utf8_spanish_ci DEFAULT NULL,
  `fecha_registro` varchar(45) COLLATE utf8_spanish_ci NOT NULL,
  `hora_registro` varchar(45) COLLATE utf8_spanish_ci NOT NULL,
  `contenido` varchar(1024) COLLATE utf8_spanish_ci NOT NULL,
  `tipo_denuncia` varchar(45) COLLATE utf8_spanish_ci NOT NULL,
  `personal_acargo` varchar(45) COLLATE utf8_spanish_ci DEFAULT NULL,
  `ubicacion` varchar(45) COLLATE utf8_spanish_ci DEFAULT NULL,
  `denunciante` varchar(45) COLLATE utf8_spanish_ci NOT NULL,
  `denunciado` varchar(45) COLLATE utf8_spanish_ci NOT NULL,
  `ubicacion_detalle` varchar(256) COLLATE utf8_spanish_ci NOT NULL,
  PRIMARY KEY (`iddenuncias`),
  KEY `iddenuncias` (`iddenuncias`)
) ENGINE=InnoDB AUTO_INCREMENT=234 DEFAULT CHARSET=utf8 COLLATE=utf8_spanish_ci;
/*!40101 SET character_set_client = @saved_cs_client */;

--
-- Dumping data for table `denuncias`
--

/*!40000 ALTER TABLE `denuncias` DISABLE KEYS */;
INSERT INTO `denuncias` VALUES (1,'Collahua Marroquin, Solange Antuanet','2018-10-12','12:10:00','QUIEN REFIERE SER VICTIMA DE HOSTIGAMIENTO MEDIANTE LLAMADAS Y MENSAJES DE TEXTO VIA REDES SOCIALES','ACOSO MEDIANTE REDES SOCIALES','S3 PNP PASACHE','(NO ESPECIFICA / NO CONOCE)',' MARIA ALESSANDRA BACHOIR GAMBOA (23) ',' ALEXIS CASTILLO GUEVARA ','NO ESPECIFÍCA'),(2,'Collahua Marroquin, Solange Antuanet','2018-10-12','12:29:00','QUIEN REFIERE QUE SU MENOR HIJA FUE AGREDIDA FISICAMENTE POR DICHO DENUNCIADO','AGRESION FISICA','S2 PNP JAYO','(NO ESPECIFICA / NO CONOCE)','WENDY JOSELYN URIBE DE LA CRUZ ','JAVIER SANDRO CHOQUE MORALES','NO ESPECIFÍCA'),(3,'Collahua Marroquin, Solange Antuanet','2018-10-12','12:37:00','\r\nQuien resultó perjudicado por daños materiales(no especifica que..)','DAÑOS MATERIALES','S3 PNP QUISPE','(NO ESPECIFICA / NO CONOCE)','MARIA NUÑEZ MARTINEZ (66)','LOS QUE RESULTEN RESPONSABLES (NO ESPECÍFICA)','NO ESPECIFÍCA'),(4,'Collahua Marroquin, Solange Antuanet','2018-10-12','12:53:00','QUIEN REFIERE QUE EN HORAS DE LA NOCHE SU HERMANO CARO ORIUNDO JUAN JESUS SUFRIÓ UN ASALTO, ENCONTRÁNDOSE INTERNADO EN EL HOSPITAL PETITA','ROBO AGRAVADO DURANTE LA NOCHE','S2 PNP LA TORRE','(NO ESPECIFICA / NO CONOCE)','CARO ORIUNDO JESUS (54)','NO ESPECIFÍCA','NO ESPECIFÍCA'),(5,'Collahua Marroquin, Solange Antuanet','2018-10-12','12:56:00',' QUIEN REFIERE QUE EL CONDUCTOR DE UN VEHÍCULO DE TRANSPORTE PUBLICO(TAXI) LE SUSTRAJERON SU DNI,TARJETAS DE CREDITO,CELULAR Y 300 SOLES','FALSO TAXI / COLECTIVO','ST3 PNP RIVERA','(NO ESPECIFICA / NO CONOCE)','JOSE ERNESTO MANUEL BLANCO BENDEZU (49)','NO ESPECIFÍCA','NO ESPECIFÍCA'),(6,'Collahua Marroquin, Solange Antuanet','2018-10-12','13:31:00','Intervención policial al vehículo de placa de rodaje CSN-939 de categoría N2 color BLANCO marca BAW , MOTIVO DE LA INTERVENCIÓN: REQUISITORIA VIGENTE\r\n','INTERVENCION POLICIAL','S3PNP QUISPE','(NO ESPECIFICA / NO CONOCE)','PERSONAL PNP ','HUAMANI GUTIERREZ ROGER (28)','NO ESPECIFÍCA'),(7,'Collahua Marroquin, Solange Antuanet','2018-10-13','12:19:00','QUE , REFIERE QUE SU EX PAREJA LA MALTRATA DE MANERA FISICA PSICOLÓGICA','AGRESION FISICA','S3 PNP HUAMAN','(NO ESPECIFICA / NO CONOCE)','YAULLI MONTALVO FLOR MELID ','EDGAR VLADIMIR COYAGUA DE LA CRUZ ','NO ESPECIFÍCA'),(8,'Collahua Marroquin, Solange Antuanet','2018-10-13','12:23:00','QUIEN, REFIERE QUE FUE AGREDIDA DE MANERA FISICA Y AMENZADA DE MUERTE','AGRESION FISICA','S3 PNP PASACHE','(NO ESPECIFICA / NO CONOCE)','LOPEZ LLAUCA  MARILIN KARINA (30)','KAREN MORON PASACHE','NO ESPECIFÍCA '),(9,'Collahua Marroquin, Solange Antuanet','2018-10-13','12:26:00','\r\nQUIEN REFIERE QUE LE SUSTRAJERON SUS DOS CELULARES Y DESCONOCE A LOS AUTORES','ROBO DE CELULAR','S2 PNP JAYO','(NO ESPECIFICA / NO CONOCE)','PIERRE AUGUSTO CARLOS ALVAREZ (26) ','NO ESPECÍFICO','NO ESPECIFÍCA '),(10,'Collahua Marroquin, Solange Antuanet','2018-10-13','12:28:00',' QUIEN REFIERE QUE UN VEHÍCULO DE SERVICIO PUBLICO EL CUAL DESCONOCE LA PLACA DE RODAJE, LE ARREBATO SUS PERTENENCIAS DANDOSE A LA FUGA','ROBO SIMPLE','S3 PNP QUISPE','(NO ESPECIFICA / NO CONOCE)',' PERLA DEL MAR SALAZAR CAMPOS (24)','NO ESPECIFICO ','NO ESPECIFÍCA '),(11,'Collahua Marroquin, Solange Antuanet','2018-10-13','12:34:00','Quien denuncias haber sido victima de agresion','AGRESION FISICA','S3 PNP PASACHE','(NO ESPECIFICA / NO CONOCE)','MARIA AMPARO PASACHE PALACIOS (52)','ALEZ RUPIRE CHILLCCE','NO ESPECIFÍCA  '),(12,'Collahua Marroquin, Solange Antuanet','2018-10-13','12:46:00','Quien denuncias haber sido victima contra su libertad','DELITO CONTRA LA LIBERTAD','S2 PNP  LA TORRE','(NO ESPECIFICA / NO CONOCE)','MARIELA NOEMI CARPIO DE LA CRUZ (45) ','JULIO HUARANCA CHOQUEMAMANI','NO ESPECIFÍCA '),(13,'Collahua Marroquin, Solange Antuanet','2018-10-13','12:53:00','SEGUIDO CLRR \r\n','HURTO AGRAVADO','S3 HUAMAN','(NO ESPECIFICA / NO CONOCE)','CARMEN DEL SOCORRO ARCE ADONIS(83) ','NO ESPECÍFICA','NO ESPECIFÍCA'),(14,'Collahua Marroquin, Solange Antuanet','2018-10-13','12:54:00','Agresion física mutua entre las personas de Perez Salomé Miguel, cantoral Quispe edwar y polo campos joao','AGRESION FISICA','S3 QUISPE','(NO ESPECIFICA / NO CONOCE)','No especifica','No especifica','No especifica'),(15,'Collahua Marroquin, Solange Antuanet','2018-10-13','12:57:00','El denunciado sufrió  agresión física','AGRESION FISICA','S2 PNP JAYO','(NO ESPECIFICA / NO CONOCE)','MARIA ANGELICA LAULATE LOPEZ (30) ','NANCY YOVANA URIBE KU','NO ESPECIFÍCA '),(16,'Collahua Marroquin, Solange Antuanet','2018-10-13','12:16:00','Denuncia por robo simple ','ROBO SIMPLE','S3 QUISPE','(NO ESPECIFICA / NO CONOCE)','JEAN PIERRE LLOCLLA ALMANZA (24)','NO ESPECIFÍCA ','NO ESPECIFÍCA '),(17,'Collahua Marroquin, Solange Antuanet','2018-10-13','13:01:00','Denuncias por hurto agravado hacia el denunciante','HURTO AGRAVADO','S2 PNP JAYO','(NO ESPECIFICA / NO CONOCE)',' GUILLERMO ALFONSO MATICORENA AQUIJE (22)','EN CONTRA DE LQRR','NO ESPECIFICA '),(18,'Collahua Marroquin, Solange Antuanet','2018-10-13','13:02:00','Denuncias por agresion física hacia quienes resulten responsables','AGRESION FISICA','S2 PNP JAYO','(NO ESPECIFICA / NO CONOCE)','ELMER CENTENO BAUTISTA ','EN CONTRA LQRR','NO ESPECIFÍCA '),(19,'Collahua Marroquin, Solange Antuanet','2018-10-13','13:03:00','Denuncias por lesión hacia quienes resulten responsables','LESION GRAVE','S3 PNP QUISPE','(NO ESPECIFICA / NO CONOCE)','ERICK LICAS TENORIO (27) ','EN CONTRA DE LQRR','No especifica'),(20,'Collahua Marroquin, Solange Antuanet','2018-10-13','13:05:00','Denunciante: HUAMAN NEGRON ANTONIO (23) \r\nEN CONTRA LQRR','ROBO SIMPLE','S3 PNP QUISPE','(NO ESPECIFICA / NO CONOCE)',' HUAMAN NEGRON ANTONIO (23)','No especifica','No especifica'),(21,'Collahua Marroquin, Solange Antuanet','2018-10-13','13:09:00',' QUIENES REFIEREN HABER SIDO VICTIMAS DE ROBO LOGRANDOLES ARREBATAR SUS PERTENENCIAS Y DOCUMENTOS PERSONALES','HURTO AGRAVADO','S3 PNP CHIRINOS','(NO ESPECIFICA / NO CONOCE)','JUAN SEVERINO ESPINO ANYOZA (72)','NO ESPECIFICO ','NO ESPECIFÍCA '),(22,'Collahua Marroquin, Solange Antuanet','2018-10-13','13:10:00',' QUIEN REFIERE QUE POR VIA INTERNET  HABRIAN RETIRADO DINERO DE SU CUENTA DE AHORROS','DELITO INFORMATICO','S3 PNP FLORES','(NO ESPECIFICA / NO CONOCE)','JORGE LUIS HERNANDEZ MENDOZA (62)','NO ESPECIFICA','NO ESPECIFÍCA'),(23,'Collahua Marroquin, Solange Antuanet','2018-10-13','13:11:00','QUIEN REFIERE HABER SIDO VICTIMA DE HURTO (CONSTANCIA)','HURTO SIMPLE','S3 PNP QUINTANA','(NO ESPECIFICA / NO CONOCE)',' JORGE EDGARDO TORRES (61)','NO ESPECIFÍCA','NO ESPECIFÍCA '),(24,'Collahua Marroquin, Solange Antuanet','2018-10-13','13:13:00',' RITA OCHANTE PEÑA (18) Y LA MENOR PIERINA XIOMARA HUAYANCA CARRASCO (17) LAS MISMAS QUE FUERON VICTIMAS DE ROBO','ROBO SIMPLE','S3 PNP HERRERA','(NO ESPECIFICA / NO CONOCE)','RITA OCHANTE PEÑA (18)','NO ESPECIFÍCA','NO ESPECIFÍCA'),(25,'Collahua Marroquin, Solange Antuanet','2018-10-13','13:16:00','\r\nQUIEN REFIERE LE ARREBATARON SU DINERO','ROBO SIMPLE','S3 PNP  CHIRINOS','Urbanizacion San Joaquin Viejo',' NORA PALOMINO PALACIOS (45) ','NO ESPECIFÍCA','NO ESPECIFÍCA'),(26,'Collahua Marroquin, Solange Antuanet','2018-10-13','13:17:00','QUIEN, REFIERE HABER SIDO VÍCTIMA DE ROBO DURANTE LA NOCHE DEL DIA 12 DE OCT 2018','ROBO AGRAVADO DURANTE LA NOCHE','S3 PNP CALDERON','(NO ESPECIFICA / NO CONOCE)','CARLOS HUAMAN ALFARO(23)','NO ESPECIFÍCA','NO ESPECIFÍCA '),(27,'Collahua Marroquin, Solange Antuanet','2018-10-13','13:19:00','Quien denuncias haber sido victima durante la noche','HURTO AGRAVADO DURANTE LA NOCHE','S3 PNP CALDERON','Calle la mar #344/ Ica','YENNI MILAGROS VILLAMARES HERNANDEZ (43)','NO ESPECIFÍCA ','NO ESPECIFÍCA'),(28,'Collahua Marroquin, Solange Antuanet','2018-10-16','09:51:00','DCP.EN MODALIDAD  DE  ESTAFA \r\n','DELITO CONTRA EL PATRIMONIO','S2 PNP MEZA','(NO ESPECIFICA / NO CONOCE)','PAUL , CRISTIAN PALOMINO HILARIO (31)','GLADYS JAQUELINE PILLACA CORDOVA','NO ESPECIFÍCA '),(29,'Collahua Marroquin, Solange Antuanet','2018-10-16','09:54:00','DCP. DAÑOS MATERIALES quien refiere ser comerciante  en el mercado modelo, asimismo denuncia  haber sido victima de daños hacia su propiedad por parte de un cargador frontal perteneciente  a la municipalidad  de Ica','DELITO CONTRA EL PATRIMONIO','S3 PNP S3 PNP CALDERON','(NO ESPECIFICA / NO CONOCE)','NAZARIO TORRES MANTARI (65)','NO ESPECIFÍCA','NO ESPECIFÍCA '),(30,'Collahua Marroquin, Solange Antuanet','2018-10-16','09:57:00',' \r\nQUIEN REFIERE HABER SIDO VICTIMA DEL ROBO DE  SU EQUIPO CELULAR','ROBO DE CELULAR','S3 PNP CHIRINOS','(NO ESPECIFICA / NO CONOCE)','DIEGO SEBASTIAN TICONA  VILLA (18)','NO ESPECIFÍCA ','NO ESPECIFÍCA '),(31,'Collahua Marroquin, Solange Antuanet','2018-10-16','10:08:00',' \r\nquien manifesta haber  sufrido mordedura de un canino (perro)','MORDEDURA CANINA','S3 PNP FLORES','(NO ESPECIFICA / NO CONOCE)','MANTARI  AYBAR ISIDRO (65) ','NO ESPECIFÍCA ','NO ESPECIFÍCA  '),(32,'Collahua Marroquin, Solange Antuanet','2018-10-16','10:11:00','\r\nQUIEN MANIFESTO  HABER SIDO VICTIMA DE ROBO','ROBO DE CELULAR','S3 PNP HERRERA','(NO ESPECIFICA / NO CONOCE)','CLAUDIA SANCHEZ BOADA (28) ','NO ESPECIFÍCA ','NO ESPECIFÍCA'),(33,'Collahua Marroquin, Solange Antuanet','2018-10-16','10:16:00','QUIEN REFIERE , QUE  DOS SUJETOS  ABORDO DE  UNA MOTO LINEAL NEGRA  LE ARREBATARON SU BILLETERA CON DOCUMENTOS  PERSONALES  TARJETAS  DE CREDITO Y SU CELULAR  PROPORCIONÁNDOLE UN EMPUJON Y A SU VEZ  AMENAZANDOLO CON UN ARMA DE FUEGO','HURTO AGRAVADO','S3 PNP QUINTANA','(NO ESPECIFICA / NO CONOCE)','WILLIAM  RIOS  SILVA (32) ','NO ESPECIFÍCA ','NO ESPECIFÍCA  '),(34,'Collahua Marroquin, Solange Antuanet','2018-10-16','10:28:00','Quien  refiere que  al ingresar  a trabajar por primera vez  ala empresa de transporte SOYUS , hizo entrega de su DNI  a la encargada de  liquidación de dicha empresa en dia  09OCT18 quienes hasta  hoy no le hacen entrega de su DNI y su vez negandoce  a entregarlo mas adelante.','APROPIACION ILICITA','S3 PNP CHIRINOS','(NO ESPECIFICA / NO CONOCE)','ANDREA MEZA GUERRA (20)','NO ESPECIFÍCA ','NO ESPECIFÍCA '),(35,'Collahua Marroquin, Solange Antuanet','2018-10-16','10:32:00',' Quien refiere haber sido victima del hurto de su medidor  de agua','HURTO SIMPLE','S3 PNP HERRERA','(NO ESPECIFICA / NO CONOCE)','DIESTRO ARCE LUZ CAROLANN (31)','NO ESPECIFÍCA ','NO ESPECIFÍCA'),(36,'Collahua Marroquin, Solange Antuanet','2018-10-16','10:36:00',' Quien refiere haber sido victima de hurto de su billetera con documentos (DNI,L.C,TARJETAS DE CRÉDITO , OTROS)','HURTO SIMPLE','S3 PNP FLORES','(NO ESPECIFICA / NO CONOCE)','LUIS ARMANDO LOPEZ SIMON (42)','NO ESPECIFÍCA ','NO ESPECIFÍCA '),(37,'Collahua Marroquin, Solange Antuanet','2018-10-16','10:59:00','\r\n\r\nQuien denuncias por el acoso en modalidad de celulares','ACOSO Y HOSTIGAMIENTO DIFUSION DE IMAGENES','S3 PNP CHIRINOS','(NO ESPECIFICA / NO CONOCE)','DEL CARPIO CRUZ  MARIA  KRYSTELL (20)','TEOFILO HUAYTA CUCHO','NO ESPECIFÍCA '),(38,'Collahua Marroquin, Solange Antuanet','2018-10-16','11:01:00','QUIEN REFIERE SER VICTIMA DEL PRESUNTO DELITO HURTO AGRAVADO EN MI CASA.','CONSTATACION POLICIAL','S3 PNP HUAMAN','CALLE AREQUIPA N° 141','GEREMIAS  VILCHEZ VARGAS (39)','NO ESPECIFÍCA','NO ESPECIFÍCA '),(39,'Collahua Marroquin, Solange Antuanet','2018-10-16','11:04:00','La denunciante sufrió agresión física','AGRESION FISICA','S3 PNP PASACHE','(NO ESPECIFICA / NO CONOCE)','MARINA LANCY AMASIFUEN  (46)','CONOCIDO COMO ELITA','NO ESPECIFÍCA '),(40,'Collahua Marroquin, Solange Antuanet','2018-10-16','11:06:00','Quien denuncias haber sido victima de agresion','AGRESION FISICA','S2 PNP JAYO','(NO ESPECIFICA / NO CONOCE)','ROCIO YESENIA MURILLO GONZALES (29)','CLAUDIA QUISPE HUAYTA','NO ESPECIFÍCA'),(41,'Collahua Marroquin, Solange Antuanet','2018-10-16','11:07:00','Quien resulto herido por violencia física','VIOLENCIA FISICA','S2 PNP JAYO','(NO ESPECIFICA / NO CONOCE)','MARILIA LIGGUINIA RANDA QUISPE (28)','MIGUEL RAUL ACASIETE RAMOS','NO ESPECIFÍCA '),(42,'Collahua Marroquin, Solange Antuanet','2018-10-16','12:46:00',' POR ENCONTRARSE  INMERSO EN EL PRESUNTO DELITO CONTRA EL PATRIMONIO EN LA MODALIDAD  DE HURTO','INTERVENCION POLICIAL','S3 PNP JAYO','(NO ESPECIFICA / NO CONOCE)','PERSONAL PNP ',' JESUS ALEXANDER VALENCIA ANGULO (35)','No especifica'),(43,'Collahua Marroquin, Solange Antuanet','2018-10-16','12:51:00','No especifica','DENUNCIAS ESPECIALES','ST2 PNP RIVERA','(NO ESPECIFICA / NO CONOCE)','GERALDINE LIZBETH MAMANI HERRERA (20)','KATHERINE ELIZABETH MUÑOZ HUAMANCHA','NO ESPECIFÍCA'),(44,'Collahua Marroquin, Solange Antuanet','2018-10-16','13:02:00','\r\nPOR ENCONTRARSE  CON REQUISITORIA VIGENTE','INTERVENCION POLICIAL','S3 PNP HUAMAN','(NO ESPECIFICA / NO CONOCE)','PERSONAL PNP',' VIRGILIO JUAN CARLOS PUGA BAUTISTA ','NO ESPECIFÍCA '),(45,'Collahua Marroquin, Solange Antuanet','2018-10-16','15:05:00',' POR EL DELITO DE  HURTO EN MODALIDAD  DE  (TENDERA)','INTERVENCION POLICIAL','S3   PNP GUTIERREZ','Cercado de Ica','PERSONAL PNP ',' GLADYS MARGOT ARDIA HERRERA (45)','NO ESPECIFÍCA'),(46,'Collahua Marroquin, Solange Antuanet','2018-10-16','15:16:00',' QUIEN REFIERE  HABER DEJADO SU TARJETA  DE DEBITO BCP Y AL IR A  RENOVAR LE HABRIAN DICHO  HICIERON UN  RETIRO DE S/ 270.00 SOLES','DENUNCIAS ESPECIALES','S3 PNP VENTURA','(NO ESPECIFICA / NO CONOCE)','ANGELLO JEANCARLO VALENZUELA SALAZAR (26)','NO ESPECIFÍCA','NO ESPECIFÍCA '),(47,'Collahua Marroquin, Solange Antuanet','2018-10-16','15:23:00',' QUIEN SOLICITO APOYO DEL PERSONAL POLICIAL MOTORIZADO  Y  A SU VEZ  REFIRIO SER VICTIMA  DE ROBO POR PARTE DE PONCE VIGIL FRANCIS ALEXIS  Y PONCE CABRERA FRANCIS ALEXIS','INTERVENCION POLICIAL','S3 PNP HUAMAN','Cercado de Ica',' PSCOYA RUEDA  ISABEL','PONCE VIGIL Y PONCE CABRERA','NO ESPECIFÍCA '),(48,'Collahua Marroquin, Solange Antuanet','2018-10-16','15:26:00','\r\nMOTIVO DE LA INTERVENCION : POR PROFERIR PALABRAS SOESES','INTERVENCION POLICIAL','S2 PNP LA TORRE','(NO ESPECIFICA / NO CONOCE)','PERSONAL PNP','ESPINOZA BRICEÑO JESUS ','NO ESPECIFÍCA'),(49,'Collahua Marroquin, Solange Antuanet','2018-10-16','15:29:00','\r\nDENUNCIADOS : \r\nJAIRO CAHUAS LEGUA \r\nJOAN CAHUA LEGUA \r\nJOE ZUÑIGA MUÑANTE','DELITO CONTRA LA VIDA, EL CUERPO Y LA SALUD','S3 PNP PASACHE','(NO ESPECIFICA / NO CONOCE)','PEDRO JHOEL MUCHAYPIÑA CORDOVA (34)','CAHUA ,CAHUA, ZUÑIGA ','NO ESPECIFÍCA'),(50,'Collahua Marroquin, Solange Antuanet','2018-10-16','15:34:00','REFIERE HABER SIDO VICTIMA DE AGRESION FISICA POR PARTE DE DOS SUJETOS  QUIENES  SE ENCONTRABAN BAJO LOS EFECTOS DE ESTUPEFACIENTES','DENUNCIAS ESPECIALES','S3 PNP VENTURA','(NO ESPECIFICA / NO CONOCE)','EDYSON ANTONIO HERNANDEZ UCSA (19)','NO ESPECIFÍCA ','NO ESPECIFÍCA '),(51,'Collahua Marroquin, Solange Antuanet','2018-10-16','15:37:00','MEDIANTE  UNA LLAMADA  POR PARTE DEL PERSONAL DEL HOSPITAL REGIONAL DE ICA , SE COMUNICA  EL FALLECIMIENTO DE  LA SEÑORA  CLAUDIA DEL VALLE  VILLEGAS RIVAS (26) DE NACIONALIDAD  VENEZOLANA QUIEN SE ENCONTRABA EN ESTADO DE GESTACION','INTERVENCION POLICIAL','S3 PNP HUAMAN','HOSPITAL REGIONAL ','No especifica','No especifica','No especifica'),(52,'Collahua Marroquin, Solange Antuanet','2018-10-16','15:40:00','No especifica','CONSTATACION POLICIAL','S3 PNP HUAMAN','(NO ESPECIFICA / NO CONOCE)','LILIA  HERLINDA  CAARDENAS  GALLEGOS ','ROBERTO TROYA GAONA','NO ESPECIFÍCA'),(53,'Collahua Marroquin, Solange Antuanet','2018-10-16','15:41:00','\r\nQUIEN REFIERE HABER EXTRAVIADO SUS DOCUMENTOS EN EL BUS EN QUE  VIAJABA','PERDIDA DE DOCUMENTO','S3 PNP CHIRINOS','(NO ESPECIFICA / NO CONOCE)',' CASILDO ARMANADO GIRON UCEDA ','NO ESPECIFÍCA','NO ESPECIFÍCA '),(54,'Collahua Marroquin, Solange Antuanet','2018-10-16','15:56:00','Quien resulto estafada sin conocer al denunciado(a)','ESTAFA AGRAVADA','S2 PNP LA TORRE','Cercado de Ica','AMALIA  PINEDA VDA DE CHANG','NO ESPECIFÍCA ','NO ESPECIFÍCA'),(55,'Collahua Marroquin, Solange Antuanet','2018-10-16','15:57:00','QUIEN REFIERE  LE INTERCAMBIARON SU TARJETA  DE CREDITO EN EL BCP','ESTAFA SIMPLE','S3 PNP HUAMAN','(NO ESPECIFICA / NO CONOCE)','FERNANDO HUN ORE (62) ','NO ESPECIFÍCA ','NO ESPECIFÍCA '),(56,'Collahua Marroquin, Solange Antuanet','2018-10-16','16:06:00','\r\nQUIEN REFIERE QUE DOS SUJETOS LO AMENAZARON CON UN CUCHILLO EN MANO QUITANDOLE SU DINERO PASTILLAS  PARA LA PRESION ENTRE OTRAS  COSAS','DELITO CONTRA EL PATRIMONIO','S3 PNP PASACHE','Cercado de Ica',' FELIX NEMESIO SARAVIA CARBAJAL (54) ','NO ESPECIFÍCA','NO ESPECIFÍCA '),(57,'Collahua Marroquin, Solange Antuanet','2018-10-16','16:14:00',' QUIEN REFIERE  QUE  UN GRUPO DE 6 PERSOAS  LO EMPEZARON A EMPUJAR Y LE SUSTRAERON SU BILLETERA CON S/ 400 SOLES EN EFECTIVOS Y SUS DOCUMENTOS PERSONALES (L.C, DNI )','DELITO CONTRA EL PATRIMONIO','S3 PNP PASACHE','Cercado de Ica','JHON RICHARD CHIA AQUIJE (29)','NO ESPECIFÍCA ','NO ESPECIFÍCA '),(58,'Collahua Marroquin, Solange Antuanet','2018-10-16','16:44:00','LA DENUNCIANTE REFIERE QUE RECIBIO UNA LLAMADA  POR PARTE DE LA DENUNCIANTE DICIENDOSE PASAR  POR  SU HIJA  Y PIDIENDO UN  DEPOSITO DE 500 SOLES','ESTAFA AGRAVADA','S3 PNP HUAMAN','CERCADO DE ICA',' TIPACTI DE PEREZ SANTOS ERNESTI',' JESABEL SUSI BRAVO BANOS','NO ESPECIFICA'),(59,'Collahua Marroquin, Solange Antuanet','2018-10-16','16:58:00',' QUIEN MANIFIESTA QUE EL DENUNCIADO , LA ACOSA  Y HOSTIGA','ACOSO Y HOSTIGAMIENTO DIFUSION DE IMAGENES','S3 PNP HERRERA','(NO ESPECIFICA / NO CONOCE)','PACHECO AQUIJE GUISELA NOEMI (46)','JOSE GUTIERREZ MARCO ','NO ESPECIFÍCA '),(60,'Collahua Marroquin, Solange Antuanet','2018-10-16','17:00:00','','VIOLENCIA PSICOLOGICA','S3 PNP FLORES','Cercado de Ica',' CLARA HUACHALLANQUE DE LA CRUZ  (64)','CONOCIDO COMO LEONIDAS ALFARO','NO ESPECIFÍCA '),(61,'Collahua Marroquin, Solange Antuanet','2018-10-17','09:42:00','\r\nQUIEN  REFIERE  QUE  HACE UNOS DIAS LE HABRIAN ROBADO SU MEDIDOR DE AGUA PERCATANDOCE RECIEN EL DIA  DE  HOY','HURTO SIMPLE','S3 PNP HERRERA','Cercado de Ica','FELIPE ALBERTO MÑOZ RIVERA (60)','NO ESPECIFÍCA ','NO ESPECIFÍCA'),(62,'Collahua Marroquin, Solange Antuanet','2018-10-17','09:44:00',' QUIEN REFIERE  QUE  EN HORAS DE LA MAÑANA HABIA SIDO  VICTIMA DE HURTO AGRAVADO DE SU CELULAR','HURTO AGRAVADO','S3 PNP FLORES','Cercado de Ica',' RIMACHE CECHO YOSMILDA (31)','NO ESPECIFÍCA ','NO ESPECIFÍCA '),(63,'Collahua Marroquin, Solange Antuanet','2018-10-17','09:46:00','LA DENUNCIANTE REFIERE QUE  LA PAREJA DE SU EX CONVIVIENTE LA HABRÍA AGREDIDO DE MANERA FÍSICA','AGRESION FISICA','S3 ´PNP CALDERON','Cercado de Ica','VILCA LAGO LEIDA DIANA (33)','SANDRA YAKELINE VALENCIA PALACIOS','No Especifíca'),(64,'Collahua Marroquin, Solange Antuanet','2018-10-17','09:49:00','\r\nQUIEN REFIERE HABER SIDO VICTIMA DE HURTO','HURTO SIMPLE','S3 PNP CALDERON','Cercado de Ica','PAUCAR SANCHEZ GERALDINE (38)','NO ESPECIFÍCA','NO ESPECIFÍCA '),(65,'Collahua Marroquin, Solange Antuanet','2018-10-17','09:51:00','\r\nQUIEN MANIFIESTA HABER SIDO VICTIMA DEL DELITO CONTRA EL PATRIMONIO EN MODALIDAD  DE APROPIACIÓN ILÍCITA','DELITO CONTRA EL PATRIMONIO','S3 PNP CHIRINOS','(NO ESPECIFICA / NO CONOCE)','JORGE GILBERTO SOTO DIAZ (56)','NO ESPECIFÍCA ','NO ESPECIFÍCA '),(66,'Collahua Marroquin, Solange Antuanet','2018-10-17','09:57:00','\r\nQUIEN REFIERE LA PERDIDA DE SU PORTA DOCUMENTOS CON SU CIP (CARNET DE IDENTIFICACIÓN POLICIAL )','PERDIDA DE CIP','ST2 PNP RIVERA','Cercado de Ica','PABLO LUIS JOCHAYHUA CAMPOS (27)','NO ESPECIFÍCA ','NO ESPECIFÍCA'),(67,'Collahua Marroquin, Solange Antuanet','2018-10-17','10:01:00',' \r\nQUIEN MANIFESTO FUE ENGAÑADO CON EL CONOCIDO CUENTO DE LA MONEDA DE ORO .','ESTAFA SIMPLE','S3 PNP CHIRINOS','Cercado de Ica','ANDRES SANDOVAL ESPINO (75)','NO ESPECIFÍCA','NO ESPECIFÍCA '),(68,'Collahua Marroquin, Solange Antuanet','2018-10-17','10:04:00','\r\nQUIEN REFIERE QUE LE SUSTRAJERON SU BILLETRA CON SUS DOCUMENTOS PERSONALES, TARJETAS DE  CREDITO Y S/ 300.00 SOLES','HURTO AGRAVADO','S3 PNP CHIRINOS','(NO ESPECIFICA / NO CONOCE)','SANDRA MAITE GRANDA CAUCHA (20)','NO ESPECIFÍCA','NO ESPECIFÍCA '),(69,'Collahua Marroquin, Solange Antuanet','2018-10-17','10:06:00',' QUIEN REFIRIO QUE LA DENUNCIADA : DAYANA YASMIN ANDRADE GUTIERREZ LA HABRIA ESTAFADO','ESTAFA SIMPLE','S3 PNP FLORES','Cercado de Ica',' ELSA CARDENAS PEREZ (79)',' DAYANA YASMIN ANDRADE GUTIERREZ','No Especifica'),(70,'Collahua Marroquin, Solange Antuanet','2018-10-17','10:08:00',' QUIEN REFIERE QUE  UNA BANDA  DE UN APROXIMADO DE OCHO (08)  PERSONAS INGRESARON A  SU TIENDA  DE ROPA COMO CLIENTES PARA LUEGO ROBAR  PRENDAS DE VESTIR , LO CUAL  ADJUNTA A SU DENUNCIA  VIDEOS  DE SU CAMARA DE SEGURIDAD','HURTO AGRAVADO','S3 PNP CHIRINOS','Cercado de Ica','CRISOSTOMO AGUILA ALEJANDRO JESUS ( 41 )','NO ESPECIFÍCA ','NO ESPECIFÍCA '),(71,'Collahua Marroquin, Solange Antuanet','2018-10-17','10:13:00',' QUIEN REFIERE QUE  EL DENUNCIADO  LA HABIA AGREDIDO FISICAMENTE','AGRESION FISICA','S2 PNP MEZA','Cercado de Ica','SULCA DIAZ NORY BEATRIZ (42) ','BERTA SANTI FERNANDES','NO ESPECIFÍCA'),(72,'Collahua Marroquin, Solange Antuanet','2018-10-17','10:14:00','DENUNCIANTES : JUANA JURO ZAVALA Y CARHUAS CHOQUE MARIO , QUIENES MANIESTAN QUE EL DENUNCIADO  , LES ESTARIA HACIENDO COBROS ILICITOS (CUPOS)','INTERVENCION POLICIAL','S3 PNP CALDERON','Tierra Prometida','JURO Y CAHUAS ',' GODOY PARIONA SERAPIO ELDER (41)','NO ESPECIFÍCA'),(73,'Collahua Marroquin, Solange Antuanet','2018-10-17','10:17:00',' QUIEN REFIERE QUE EL DENUNCIADO  LA HABRIA AGREDIDO FISICAMENTE','AGRESION FISICA','S2 PNP MEZA','Cercado de Ica','BRENDA ESTEFANY AVALOS DIAS (22)','JEAN PIERRE QUISE GUTIERREZ','NO ESPECIFÍCA'),(74,'Collahua Marroquin, Solange Antuanet','2018-10-17','10:19:00',' QUIEN REFIERE QUE HABRIA  SIDO VICTIMA DE ROBO AGRAVADO EN HORAS DE LA NOCHE  POR PARTE DE  UNA MOTO TAXI DE CENSO 10 48 COLOR  AMARILLA','ROBO AGRAVADO DURANTE LA NOCHE','S2 PNP MEZA','Cercado de Ica',' LUIS DEMETRIO MEDINA TORRES (60)','NO ESPECIFÍCA ','NO ESPECIFÍCA '),(75,'Collahua Marroquin, Solange Antuanet','2018-10-17','10:22:00',' QUIEN REFIRIO DE SUJETOS  LE ARREBATARON SUS PERTENENCIAS','HURTO AGRAVADO','S2 PNP MEZA','Cercado de Ica','MELISSA HUARIPAUCAR  HUANACAURI (26)','NO ESPECIFÍCA ','NO ESPECIFÍCA '),(76,'Collahua Marroquin, Solange Antuanet','2018-10-17','10:23:00','QUIEN REFIRIO QUE SU MENOR SOBRINA HABRIA SIDO VICTIMA DE TOCAMIENTOS  INDEBIDOS POR PARTE DE UN TAXISTA CONOCIDO','TOCAMIENTOS INDEBIDOS','S2 PNP MEZA','Cercado de Ica','DEYBI DANIEL TORRES ALEJO (34)','NO ESPECIFÍCA','NO ESPECIFÍCA'),(77,'Collahua Marroquin, Solange Antuanet','2018-10-17','10:26:00','ALEJANDRO REYNALDO SANCHEZ BARTUREN (48), QUIEN REFIERE QUE LA DENUNCIADA: ROSA YSELA\r\nACUACHE ORE (48) EX PAREJA DEL DENUNCIANTE LO ESTARÍA ACOSANDO MEDIANTE DIFUSIÓN DE IMÁGENES','ACOSO Y HOSTIGAMIENTO DIFUSION DE IMAGENES','S3 PNP CHIRINOS','Cercado de Ica','ALEJANDRO REYNALDO SANCHEZ BARTUREN','ROSA YSELA ACUACHE ORE','No Especifíca'),(78,'Collahua Marroquin, Solange Antuanet','2018-10-17','11:07:00','QUIEN REFIERE HABER SIDO VICTIMA DE HURTO AGRAVADO','HURTO AGRAVADO','S3 PNP HUAMAN','La angostura','JORDANO CHACALTANA AMADO','NO ESPECIFICA','UNIVERSIDAD SAN JUAN BAUTISTA'),(79,'Collahua Marroquin, Solange Antuanet','2018-10-17','11:10:00','EL DENUNCIANTE REFIERE QUE AL ENCONTRARSE HACIENDO SERVICIO PUBLICO (TAXI), TRASLADA A UN PASAJERO EN PRESUNTO ESTADO DE EBRIEDAD  AL PP.JJ. SEÑOR DE LUREN PARA QUE AL LLEGAR  AL LUGAR MENCIONADO DICHO  SUJETO BAJE DE VEHÍCULO OCACIONANDOLES DAÑOS A ESTE ROMPIENDO EL PARABRISAS Y PROPORCIONANDO GOLPES','DAÑOS MATERIALES','S3 PNP VENTURA','Pueblo Joven Señor de Luren','FIDENCIO JAVIER QUISPE TIPISMANA (48)','NO ESPECIFICA','PLAZUELA INDUSTRIAL'),(80,'Collahua Marroquin, Solange Antuanet','2018-10-17','11:13:00','LA DENUNCIANTE REFIRIO SER VICTIMA DE  HURTO AGRAVADO EN HORAS DE LA MAÑANA AL SALIR DEL MERCADO LA PALMA UBICADO EN LA AV. SAN MARTIN POR PARTE DE UNOS SUJETOS','HURTO AGRAVADO','S3 PNP QUISPE','Cercado de Ica','ELIZABETH MARLENE LUCERO VASQUEZ (40)','NO ESPECIFICA','AV. SAN MARTIN'),(81,'Collahua Marroquin, Solange Antuanet','2018-10-17','11:16:00','LA DENUNCIANTE MANIFIESTA QUE SE ENCONTRABA CAMINANDO POR LA AV. GRAU , CUANDO SE LE ACERCARON UNOS SUJETOS LOGRANDO SUSTRAER  SU CARTERA CON SUS DOCUMENTOS PERSONALES Y SU DINERO','HURTO AGRAVADO','S2 PNP LA TORRE','Cercado de Ica','MARTHA ELENA CENTENO ÑAÑEZ','NO ESPECIFICA','AV. GRAU'),(82,'Collahua Marroquin, Solange Antuanet','2018-10-17','11:20:00','EL DENUNCIANTE REFIERE  QUE  LA MAQUINA DE CARGA FRONTAL QUE RECOGE  LA BASURA  HABRIA CAUSADO DAÑOS A SU PROPIEDAD DERRIBANDO SU MEDIDOR DE ELECTRICIDAD UBICADO EN EL FRONTIS DEL MERCADO MODELO','DAÑOS MATERIALES','S3 PNP GUTIERREZ','Cercado de Ica','GAVILAN BENDEZU SEBASTIAN (76)','EMPRESA DIESTRA SAC.','MERCADO MODELO'),(83,'Collahua Marroquin, Solange Antuanet','2018-10-17','11:44:00','REFIERE QUE EL DENUNCIADO LO HABRIA ESTAFADO','ESTAFA SIMPLE','S3 PNP QUISPE','Cercado de Ica','FRANK RONY HERENCIA BERNAOLA (36)','HERMES KLINSMANN RODRIGUEZ VIVAR','NO ESPECIFICA'),(84,'Collahua Marroquin, Solange Antuanet','2018-10-17','11:49:00','REFIERE QUE LE HURTARON SUS LIBROS CONTABLES','HURTO AGRAVADO','S3 PNP VENTURA','Cercado de Ica','CESAR AUGUSTO BAIOCHI','NO ESPECIFICA','AV. SAN MARTIN'),(85,'Collahua Marroquin, Solange Antuanet','2018-10-17','11:58:00','EL DENUNCIANTE REFIERE QUE EL DENUNCIADO HABRIA CAUSADO DAÑOS MATERIALES  ASU VIVIENDA','DAÑOS MATERIALES','S3 PNP QUISPE','Cercado de Ica','LAURO MACHAHUAY CARDENAS (57)','PEDRO MILACHAY SANDOVAL','NO ESPECIFICA'),(86,'Collahua Marroquin, Solange Antuanet','2018-10-17','12:00:00','EL DENUNCIANTE MANIFIESTA QUE AL HACER UN PAGO CON UN BILLETE DE 100 SOLES LE CAMBIAN EL BILLETE ´POR UNO DE 20 NUEVOS SOLES','ESTAFA SIMPLE','S3 PNP VENTURA','Urbanizacion San Joaquin Viejo','FLORES QUIJANDRIA HUGO MARCIAL','NO ESPECIFICA','NO ESPECIFICA'),(87,'Collahua Marroquin, Solange Antuanet','2018-10-17','12:27:00','EL DENUNCIADO MANIFIESTA  QUE  EL DENUNCIANTE ESTARIA SUPLANTANDO SU IDENTIDAD','DENUNCIAS ESPECIALES','S2 PNP LA TORRE','Cercado de Ica','SEQUEDO CASTRO HENRY ANDULFO (37)','BARRERA UZURIAGA RICARDO MOISES','NO ESPECIFICA'),(88,'Collahua Marroquin, Solange Antuanet','2018-10-17','12:32:00','REFIERE QUE LE  SUSTRAJERON SU DINERO','ROBO SIMPLE','S2 PNP LA TORRE','Cercado de Ica','VICTOR EDER PACHECO QUISPE','NO ESPECIFICA','AV. GRAU'),(89,'Collahua Marroquin, Solange Antuanet','2018-10-17','13:21:00','QUIEN MANIFESTO QUE  UNOS SUJETOS  A BORDO DE UNA MOTO TAXI LE ARREBATARON SU CELULAR Y BILLETERA CON DOCUMENTOS PERSONALES','HURTO AGRAVADO','S2 PNP LA TORRE','Cercado de Ica','MARIA DE LOS ANGELES SEGURA DANGO (19)','NO ESPECIFICA','FRONTIS DEL INSTITUTO IPAE'),(90,'Collahua Marroquin, Solange Antuanet','2018-10-17','13:24:00','QUIEN  REFIERE LA SUSTRACCION DE S/2500.OO SOLES','HURTO AGRAVADO','S3 PNP JAYO','Cercado de Ica','ALFONSO PARDO TENORIO (76)','NO ESPECIFICA','NO ESPECIFICA'),(91,'Collahua Marroquin, Solange Antuanet','2018-10-17','13:29:00','REFIERE QUE LE ROBARON SU TELEFONO CELULAR CON SU BILLETERA Y DOCUMENTOS PERSONALES','ROBO DE CELULAR','S3 PNP PASACHE','Cercado de Ica','STEFANY GERALDINE FAEZ RAMOS (23)','NO ESPECIFICA','NO ESPECIFICA'),(92,'Collahua Marroquin, Solange Antuanet','2018-10-17','13:38:00','LA DENUNCIANTE , QUIEN REFIERE QUE EL HORA  DE LA MAÑANA  EL SUJETO JOHAN LA HABRIA VIOLENTADO DE  MANERA SEXUAL ABUSANDO DE ELLA','VIOLACIÓN SEXUAL (DELITO CONTRA  LA LIBERTAD ','S3 PNP CALDERON','Cercado de Ica','LILI CUADRADO LLAMOCURI (33)','JOHAN SILVA HERNANDEZ','NO ESPECIFICA'),(93,'Collahua Marroquin, Solange Antuanet','2018-10-17','13:42:00','LA DENUNCIANTE REFIERE QUE EN HORAS  DE LA MAÑANA SE ENCONTRABA CAMINANDO CON DIRECCION A LA UNIVERSIDAD SAN LUIS GONZAGA CUANDO UNOS SUJETOS SE ACERCARON Y ARREBATARON SUS PERTENENCIAS (MOCHILA ,CELULAR,DNI,DINERO )','HURTO AGRAVADO','S2 PNP CARDENAS','Urbanizacion La Palma','BRENDA OLENKA MATIAS GUERRERO (20)','NO ESPECIFICA','POR EL GIMNASIO LA PALMA'),(94,'Collahua Marroquin, Solange Antuanet','2018-10-17','13:47:00','QUIEN REFIERE QUE EN HORAS  DE LA MAÑANA CAMINO A LA UNIVERSIDAD SAN LUIS GONZAGA DE ICA , UNOS SUJETOS LE ARREBATARON SUS PERTENECIAS (MOCHILA,CUADERNOSY DINERO )','HURTO AGRAVADO','S2 PNP CARDENAS','Urbanizacion La Palma','MERLI MONTES VIDALON(21)','NO ESPECIFICA','GIMNASIO LA PALMA'),(95,'Collahua Marroquin, Solange Antuanet','2018-10-17','13:50:00','QUIEN REFIERE QUE EN HORAS  DE LA MAÑANA CAMINO A LA UNIVERSIDAD SAN LUIS GONZAGA, UNOS SUJETOS LE ARREBATARON SUS PERTENENCIAS','HURTO AGRAVADO','S2 PNP CARDENAS','Urbanizacion La Palma','NADIA ISABEL TORRES GARCIA','NO ESPECIFICA','GIMNASIO LA PALMA'),(96,'Collahua Marroquin, Solange Antuanet','2018-10-17','13:52:00','QUIEN REFIERE QUE EN HORAS DE LA NOCHE SE ENCONTRABA TRANSITANDO POR LAS CALLES  DE LA AV SAN AMRTIN CUANDO UNOS JOVENES SE ACERCARON  Y LE SUSTRAEN EL CELULAR  PERTENECIENTE A  SU CENTRO DE TRABAJO','HURTO AGRAVADO','S3 PNP HERRERA','Cercado de Ica','BETSAIDA HILARIO SULCA (31)','NO ESPECIFICA','AV. SAN MARTIN'),(97,'Collahua Marroquin, Solange Antuanet','2018-10-17','13:56:00','QUIEN REFIERE QUE EN HORAS DE LA MAÑANA SE ENCONTRABA EN EL FRONTIS DEL DRTC  Y A ACERCARSE A COMPRAR LE SUSTRAEN SU TELEFONO CELULAR YA QUE SU CARTERA SE ENCONTRABA CON EL BOLSILLO EN MAL ESTADO','HURTO SIMPLE','S2 PNP MEZA','Cercado de Ica','MENDOZA CHAMORRO MARIA YETTY (35)','NO ESPECIFICA','FRONTIS DE TRANSPORTES'),(98,'Collahua Marroquin, Solange Antuanet','2018-10-17','13:59:00','QUIEN REFIERE QUE EN HORAS DE LA MAÑANA SE  ENCONTRABA TRANSITANDO HACIA SU DOMICILIO CUANDO UN  VEHICULO DE COLOR NEGRO CON LUNAS OSCURAS LO INTERCEPTAN HACIÉNDOSE PASAR POR EFECTIVOS PNP  PIDIENDOLE UN APROXIMADO DE S/.1000.00 SOLES YA QUE ESE DINERO FUESE SUPUESTAMENTE FALSO','ESTAFA AGRAVADA','S3 PNP HERRERA','Urbanizacion Villas del Sol','JUAN MANUEL LOPEZ GOMEZ (77)','NO ESPECIFICA','II ETAPA B-9'),(99,'Collahua Marroquin, Solange Antuanet','2018-10-17','14:04:00','QUIEN REFIERE  LE ARREBATARON SU CELULAR CUANDO  TRANSITABA POR EL PUENTE  PUNO','HURTO AGRAVADO','S2 PNP CARDENAS','Cercado de Ica','TITO WASHINGTON  FLORES ALLCA (42)','NO ESPECIFICA','PUENTE PUNO'),(100,'Collahua Marroquin, Solange Antuanet','2018-10-17','15:03:00','QUIEN REFIERE QUE EL DÍA  DE AYER  EN HORAS  DE LA NOCHE  DOS SUJETOS  ARREBATARON  EL CELULAR QUE ES D E PROPIEDAD DE SU CENTRO DE TRABAJO','HURTO SIMPLE','S3 PNP HERRERA','Cercado de Ica','ARANA ABANTO MICHAEL GEOFFEY','NO ESPECIFICA','AV. SAN MARTIN'),(101,'Collahua Marroquin, Solange Antuanet','2018-10-17','15:18:00','LA DENUNCIANTE REFIERE QUE  , AL LLEGAR  A  SU DOMICILIO  ENCONTRÓ LA PUERTA  ROTA  Y SE PERCATO QUE NO ESTABA EN DICHO DOMICILIO SUS DOS TELEVISORES','HURTO AGRAVADO EN CASA HABITADA','S2 PNP MEZA','Urbanizacion Sol de Ica','DAYANA PALOMINO GUTIERREZ (21)','NO ESPECIFICA','MZ B LOTE 1'),(102,'Collahua Marroquin, Solange Antuanet','2018-10-17','15:45:00','QUIEN MANIFESTÓ SER AGREDIDA  FÍSICAMENTE POR PARTE DEL DENUNCIADO','AGRESION FISICA','S3 PNP CHIRINOS','Cercado de Ica','SANTOS  GUTIERREZ ANALI VILMA (33)','JOSUE VENTURA CONISLLA','PASAJE  DIAZ 129'),(103,'Collahua Marroquin, Solange Antuanet','2018-10-17','15:52:00','QUIEN REFIERE HABER SIDO VICTIMA DE  HURTO AGRAVADO  EN LA CALLE AMAZONAS \r\nDONDE LE ARREBATARON SUS PERTENENCIAS','HURTO AGRAVADO','S3 PNP LA TORRE P.','Cercado de Ica','LUISA  ROSMERY RAMOS DIAZ','NO ESPECIFICA','CALLE AMAZONAS'),(104,'Collahua Marroquin, Solange Antuanet','2018-10-17','15:55:00','QUIEN REFIERE  QUE  LE ARREBATARON SU CARTERA CON TARJETA MULTIRED','HURTO AGRAVADO','S2 PNP MEZA','Cercado de Ica','HUAYANCA SALDAÑA PAMELA FIORELLA (26)','NO ESPECIFICA','PUENTE PUNO'),(105,'Collahua Marroquin, Solange Antuanet','2018-10-17','15:57:00','QUIEN REFIERE  QUE TOMO TAXI POR LA AV. COMATRANA DONDE LO DESPOJARON DE SUS PERTENENCIAS LICENCIA DE CONDUCIR  , CARNET UNIVERSITARIO, TARJETA DE  BANCO DE CRÉDITO DEL PERÚ','HURTO AGRAVADO','S3 PNP QUINTANA','Comatrana','BRUNO YOEL YALLICO ASTOCAZA (20)','NO ESPECIFICA','AV. COMATRANA'),(106,'Collahua Marroquin, Solange Antuanet','2018-10-17','16:01:00','QUIEN REFIERE QUE HABER SIDO VICTIMA DE HURTO DE SU DNI, CELULAR Y SU TARJETA  DE CREDITO DEL BANCO DE LA NACIÓN','HURTO AGRAVADO','S3 PNP CALDERON','Cercado de Ica','JIMMY GUILLERMO GALINDO VARGAS (44)','NO ESPECIFICA','CAMINO  A LOS FICUS'),(107,'Collahua Marroquin, Solange Antuanet','2018-10-17','16:04:00','QUIEN REFIERE  QUE AL IR HACER UN RETIRO AL BANCO DE CRÉDITO UNOS SUJETOS  LE ROCEARON UN LIQUIDO  ASIMISMO CAMBIARON SU TARJETA DE CRÉDITO','ROBO AGRAVADO DURANTE LA NOCHE','S3 PNP HERRERA','Cercado de Ica','CALDERON GARCIA JOSE  LUIS','NO ESPECIFICA','PLAZA DE ARMAS'),(108,'Collahua Marroquin, Solange Antuanet','2018-10-17','16:09:00','EL DENUNCIANTE, QUIEN REFIERE QUE EL DENUNCIADO LO AGREDIÓ FÍSICAMENTE','AGRESION FISICA','S3 PNP CHIRINOS','Cercado de Ica','SERGIO JEISSON  ZEA SAAVEDRA (27)','LUIS GALLOSO BANCES','COLEGIO DE INGENIEROS'),(109,'Collahua Marroquin, Solange Antuanet','2018-10-17','16:12:00','QUIEN REFIERE HABER SIDO VICTIMA DE HURTO DE UN CANGURO  CON DOS CELULARES','HURTO AGRAVADO','S2 PNP CARDENAS','Cercado de Ica','VELASQUEZ PERALTA JOSE CARLOS (29)','NO ESPECIFICA','CALLE LAMBAYEQUE'),(110,'Collahua Marroquin, Solange Antuanet','2018-10-17','16:15:00','QUIEN REFIERE QUE  UN PERRO LA HABRIA MORDIDO DEL CUAL DESCONOCE AL DUEÑO O DUEÑA','MORDEDURA CANINA','S2 PNP  MEZA','Urbanizacion Las Palmeras','FLORES MARTINEZ ANA ROSA','NO ESPECIFICA','II ETAPA'),(111,'Collahua Marroquin, Solange Antuanet','2018-10-17','16:20:00','QUIEN REFIERE QUE LE SUSTRAJERON SU DNI , TARJETA DE CREDITO, CELULAR Y S/ 310.00 SOLES AL BAJAR EL BUS ETRANSA','HURTO AGRAVADO','S3 PNP CHIRINOS','Cercado de Ica','ELSA  MARIELA DE LA CRUZ TORRES (53)','NO ESPECIFICA','CALLE LAMBAYEQUE'),(112,'Collahua Marroquin, Solange Antuanet','2018-10-17','16:24:00','LA DENUNCIANTE REFIERE QUE LA DENUNCIADA LA AGREDIÓ FÍSICAMENTE','AGRESION FISICA','S3 PNP FLORES','Cercado de Ica','MAMANI SUCATICONA LIDIA (31)','ALBERTINA CORTEZ NOVA','MERCADO ARENALES'),(113,'Collahua Marroquin, Solange Antuanet','2018-10-17','16:27:00','QUIEN REFIERE QUE DOS SUJETOS SUSTRAJERON SU BILLETERA CON DNI Y DINERO DE SU AUTO','HURTO AGRAVADO','S2 PNP MEZA','Cercado de Ica','ACASIETE VENTURA ROGGER AGUSTIN (39)','NO ESPECIFICA','CALLE JUNIN'),(114,'Collahua Marroquin, Solange Antuanet','2018-10-17','16:29:00','QUIEN REFIERE QUE  A SU MENOR HIJA UN SUJETO LE ARREBATO SU CELULAR','HURTO AGRAVADO','S3 PNP LA TORRE P','Cercado de Ica','LINDA ESPINOZA MOQUILLAZA (39)','NO ESPECIFICA','CALLE TUMBES'),(115,'Collahua Marroquin, Solange Antuanet','2018-10-17','16:31:00','LA DENUNCIANTE REFIERE QUE LA DENUNCIADA LA AGREDIÓ FÍSICAMENTE SIN MOTIVOS','AGRESION FISICA','S3 PNP HERRERA','Cercado de Ica','POMA TORRES JULIA JANETT (33)','LISSET RODRIGUEZ CHICLLA (35)','GOLD CENTER'),(116,'Collahua Marroquin, Solange Antuanet','2018-10-17','16:34:00','EL DENUNCIANTE REFIERE QUE LA DENUNCIADA USO LA FALSEDAD GENÉRICA POR LO CUAL PRESENTA LA DENUNCIA CORRESPONDIENTE','DENUNCIAS ESPECIALES','S2 PNP MEZA','Cercado de Ica','JULIO CESAR MENDOZA VALDIEZO (57)','SILVIA PILAR VICTOR ALVAREZ','NO ESPECIFICA'),(117,'Collahua Marroquin, Solange Antuanet','2018-10-18','10:04:00','QUIEN REFIERE  QUE SE ENCONTRABA TRANSITANDO POR LA CALLE AREQUIPA , CUANDO UN SUJETO LE ARREBATA EL CELULAR  DE LA MANO','HURTO AGRAVADO','S3 PNP CALDERON','Cercado de Ica','CARLOS ALFREDO FLORES LAZO (49)','NO ESPECIFICA','CALLE AREQUIPA'),(118,'Collahua Marroquin, Solange Antuanet','2018-10-18','10:37:00','QUIEN REFIERE QUE SU ESPOSO SE ENCONTRABA EN ESTADO DE EBRIEDAD  Y A SI ES COMO LA AGREDIÓ FÍSICAMENTE','AGRESION FISICA','S2 PNP MEZA','Cercado de Ica','SARITA ELIZBETH AVALOS TORRES (34)','JUAN CULQUICONDOR TUSEL','AV. ARENALES'),(119,'Collahua Marroquin, Solange Antuanet','2018-10-18','11:39:00','QUIEN REFIERE QUE, LE INTERCAMBIARON SU TARJETA RETIRÁNDOLE  S/300.00  DE SU CUENTA  DE AHORROS','ESTAFA AGRAVADA','S2 PNP MEZA','Cercado de Ica','MEZA MARCA CIRILLO (67)','NO ESPECIFICA','CALLE CALLAO'),(120,'Collahua Marroquin, Solange Antuanet','2018-10-18','12:22:00','QUIEN REFIERE EL HURTO DE  SUS DOCUMENTOS','HURTO AGRAVADO','S3 PNP CHIRINOS','Cercado de Ica','MEJIA GARCIA  JHOEL ALEXIS (24)','NO ESPECIFICA','TEPRO SAN MARTIN'),(121,'Collahua Marroquin, Solange Antuanet','2018-10-18','12:25:00','QUIEN REFIERE EL HURTO DE SU CELULAR','HURTO AGRAVADO','S3 PNP HERRERA','Cercado de Ica','MAXIMILIANO ALANYA CONGACHI (47)','NO ESPECIFICA','CALLE LA MAR'),(122,'Collahua Marroquin, Solange Antuanet','2018-10-18','12:30:00','QUIEN REFIERE QUE TRES SUJETOS LE ARREBATARON SU CELULAR','HURTO AGRAVADO','S3 PNP CHIRINOS','Cercado de Ica','CAMILA ALEJANDRA RIOS CCARHUAS  (23)','NO ESPECIFICA','URB. SAN MIGUEL'),(123,'Collahua Marroquin, Solange Antuanet','2018-10-18','12:58:00','LA DENUNCIANTE QUIEN REFIERE QUE EL DENUNCIADO LA AGREDIO CON UNA CACHETADA EN EL ROSTRO Y LA GOLPEO EN SU CAMA  CON LA TAPA DEL ROPERO AMENAZANDOLA DE MUERTE','CONSTATACION POLICIAL','S3 PNP CHIRINOS','Cercado de Ica','KARLA ANAIS GALLEGOS QUISPE (23)','FRANKLIN RICHARD GONZALES RAMOS (26)','AA.HH LOS POLLITOS A-14'),(124,'Collahua Marroquin, Solange Antuanet','2018-10-18','13:01:00','LOS DENUNCIANTES  REFIREN QUE AL DIRIGIRSE A CUIDAR SU TERRENO A CERRO MADRINA EL DENUNCIADO SE ENCONTRABA CON UN GRUPO  DE 10 PERSONAS QUIENES SE ENCONTRABAN DESTRUYENDO PARTE DEL TERRENO ES A SI COMO UNO DE LOS DENUNCIANTES  LOGRA GRABAR EL HECHO SIN DARSE CUENTA QUE EL DENUNCIADO Y LAS PERSONAS QUE LO ACOMPAÑABAN  SE PERCATARON DE ELLO, LO AGREDEN FÍSICAMENTE LOGRANDO QUITARLE EL CELULAR','AGRESION FISICA','S3 PNP CHIRINOS','Comatrana','MARCO ANTONIO QUISPE TORRES (45) Y BERTHA VER','MARIO ALEJANDRO DONAYRE FLORES (70)','CERRO MADRINA'),(125,'Collahua Marroquin, Solange Antuanet','2018-10-18','01:10:00','QUIEN REFIERE EL HURTO DE SU BILLETERA Y TARJETAS DE CREDITO','HURTO AGRAVADO','S3 PNP FLORES','Cercado de Ica','ARROYO DELGADO SANTO GILBERTO','NO ESPECIFICA','AV. SAN MARTIN'),(126,'Collahua Marroquin, Solange Antuanet','2018-10-18','01:26:00','EL DENUNCIANTE SOLICITO APOYO DEL PATRULLERO DE PATRULLAJE INTEGRADO Y ES AHI DONDE SE LOGRA LA INTERVENCION POLICIAL DE DICHO DENUNCIADO','HURTO AGRAVADO','S3 PNP FLORES','Cercado de Ica','FLORENCIO ALEJANDRO FLORES ASTOCAZA','MARTIN ALTAMIRANO ROJAS','NO ESPECIFICA'),(127,'Collahua Marroquin, Solange Antuanet','2018-10-18','01:55:00','QUIEN REFIERE EL HURTO DE SUS DOCUMENTOS COMO , PASAPORTE LICENCIA INTERNACIONAL, CARTA DE MOTO , SOAT Y DINERO','HURTO AGRAVADO','S3 PNP CHIRINOS','Cercado de Ica','RODRIGUEZ POLONIA BRAYAN STIVEN (25)','NO ESPECIFICA','AV. LOS MAESTROS FRONTIS DEL C.C EL QUINDE'),(128,'Collahua Marroquin, Solange Antuanet','2018-10-18','02:26:00','QUIEN REFIERE HABER SIDO VICTIMA DE HURTO DE UN CELULAR HUAWEI','HURTO AGRAVADO','S2 PNP MEZA','Cercado de Ica','CARRILLO MAMANI HERALD (23)','NO ESPECIFICA','CALLE NICOLAS DE RIVERA'),(129,'Collahua Marroquin, Solange Antuanet','2018-10-18','02:59:00','PERSONAL DE LA UNEME ICA INTERVINIENTE A LA PERSONA CON REQUISITORIA VIGENTE','PERSONA REQUISITORIADA','S3 PNP FLORES','Cercado de Ica','NO ESPECIFICA','ESLLAVA SALCEDO CARLOS ENRIQUE (23)','NO ESPECIFICA'),(130,'Chacaltana Gomez, Maria Isabel','2018-08-28','08:28:00','HURTO DE DOCUMENTOS DNI 43173566 Y LICENCIA DE CONDUCIR N F43173566','HURTO SIMPLE','S3 PNP LA TORRE','(NO ESPECIFICA / NO CONOCE)','MUÑANTE GUISADO ALAN RICHARD','NO ESPECIFICA','NO ESPECIFICA'),(131,'Chacaltana Gomez, Maria Isabel','2018-08-28','09:19:00','REFIERE HURTO DE SU LIBRETA MILITAR','HURTO SIMPLE','S3 PNP CHIRINOS','(NO ESPECIFICA / NO CONOCE)','MILTON M. GASTELU ARANGO','NO ESPECIFICA','NO ESPECIFICA'),(132,'Chacaltana Gomez, Maria Isabel','2018-08-28','10:04:00','REFIERE HABER SIDO VICTIMA DE HURTO DE CELULAR','HURTO SIMPLE','S3 PNP FLORES','(NO ESPECIFICA / NO CONOCE)','HERRERA SALVATIERRA MARIA DEL CARMEN (18)','NO ESPECIFICA','NO ESPECIFICA'),(133,'Chacaltana Gomez, Maria Isabel','2018-08-28','17:30:00','REFIERE HABER SIDO VICTIMA DE HURTO DE CELULAR SAMSUMG','HURTO SIMPLE','S3 PNP FLORES','(NO ESPECIFICA / NO CONOCE)','SOTAYA BARRERA PAOLA MERCEDES (20)','NO ESPECIFICA','NO ESPECIFICA'),(134,'Chacaltana Gomez, Maria Isabel','2018-08-28','20:20:00','INTERVENCION POLICIAL HIPERMERCADO METRO DOS (02) PRESUNTAS TENDERAS','HURTO AGRAVADO','ST2 PNP CALLACONDO','(NO ESPECIFICA / NO CONOCE)','CLAVIJO DELGADILLO JUAN CARLOS','TTUPA VELASQUEZ MARIA  Y ZAVALA VALENCIA ESTH','NO ESPECIFICA'),(135,'	\r\nChacaltana Gomez, Maria Isabel','2018-08-28','17:30:00','DENUNCIAS PRESENTADA POR ROCIO PAUCAR VENTURA CON DNI 70117217 ,POR HURTO DE LECTORES BIOMETRICOS(7) CON MARCA MAREA SAFRAN MODELO MPH - SE002A. DE LA EMPRESA PACK SOLUTIONS.','HURTO SIMPLE','S2 PNP CARDENAS','(NO ESPECIFICA / NO CONOCE)','ROCIO VENTURA PAUCAR(20)','NO ESPECIFICA','NO ESPECIFICA'),(136,'	\r\nChacaltana Gomez, Maria Isabel','2018-08-28','19:26:00','LA DENUNCIADA IDENTIFICADA CON DNI 70346464 PRESENTA DENUNCIAS POR AGRESIN POR UNA PERSONA DESCONOCIDA','AGRESION FISICA','S3 PNP QUINATANA','(NO ESPECIFICA / NO CONOCE)','LUIS SIULEN LAU CHUCHON','NO ESPESIFICA','NO ESPECIFICA'),(137,'Collahua Marroquin, Solange Antuanet','2018-10-20','08:25:45','QUIEN REFIERE HABER SIDO VICTIMA DE HURTO AGRAVADO EN LA  AV. CONDE DE NIEVA','HURTO AGRAVADO','S2 PNP NAPA','Cercado de Ica','JOSE ANTONIO NAPA ESPINO','NO ESPECIFICA','CONDE  DE NIEVA'),(138,'Collahua Marroquin, Solange Antuanet','2018-10-20','08:27:23','LA DENUNCIANTE QUIEN REFIERE QUE LA DENUNCIADA  LA ESTARIA HOSTIGANFO Y ACOSANDO A ELLA Y A SU MENOR  HIJA','ACOSO Y HOSTIGAMIENTO DIFUSION DE IMAGENES','S2 PNP JAYO','Cercado de Ica','ROSA VARGAS MAYTE ANN (25)','MAYRA ATENAS LARA GAVILAN','NO ESPECIFICA'),(139,'Collahua Marroquin, Solange Antuanet','2018-10-20','08:50:23','el denunciante refiere que el denunciado lo habria gredido fisicamente  con golpes  en el cuerpo','AGRESION FISICA','S2 PNP JAYO','Comatrana','elmer rancisco donayre flores  (68)','marcos quispe torres','no especifica'),(140,'Collahua Marroquin, Solange Antuanet','2018-10-20','09:10:23','quien refiere que en la calle loreto unos sujetos habrian arrebatado sus pertenencias','HURTO AGRAVADO','S3 PNP GUTIERREZ','Cercado de Ica','luis alberto bautista escate (19)','no especifica','calle loreto'),(141,'Collahua Marroquin, Solange Antuanet','2018-10-20','10:25:23','quienes refieren que al encontrarse camino a la universidad san luis gonzaga una moto la INTERCEPTO y arrebato brutalmente sus pertenencias','HURTO AGRAVADO','S3 PNP QUISPE','Urbanizacion La Palma','rosalia castañeda  villanueva  (19) y leydi','no especifia','plazuela la palma'),(142,'Collahua Marroquin, Solange Antuanet','2018-10-20','11:00:23','LA DENUNCIANTE RIFIERE QUE LOS DENUNCIADOS  LA ESTARIAN ACOSANDO Y HOSTIGANGO MEDIANTE MENSAJES DE TEXTO Y  POR SUS REDES SOCIALES','ACOSO MEDIANTE REDES SOCIALES','S3 PNP GUTIERREZ','Cercado de Ica','ESTEFANY BENDEZU VALENCIA (19)','OLGA SOTO QUISPE Y JAIR BERNAOLA ROJAS','NO ESPECIFICA'),(143,'Collahua Marroquin, Solange Antuanet','2018-10-20','11:05:23','la denunciante refiere que la denunciada  le ENVÍA mensajes a sus redes sociales insultandola y a su vez AMENAZÁNDOLA','ACOSO MEDIANTE REDES SOCIALES','S2 PNP LA TORRE','Cercado de Ica','soto quispe olga cecilia (18)','estefany bendezu valencia','no especifica'),(144,'Collahua Marroquin, Solange Antuanet','2018-10-20','11:09:23','el denunciante refiere que la denunciada lo hostiga y acosa enviandole mensajes a sus redes sociales','ACOSO MEDIANTE REDES SOCIALES','S3 PNP GUTIERREZ','Cercado de Ica','jair bernaola rojas','estefany bendezu valencia','no especifica'),(145,'Collahua Marroquin, Solange Antuanet','2018-10-20','19:45:58','la denunciante , que refiere haber sido agredida en las instalciones del hospital ubicado en la av. jose matias  manzanilla','AGRESION FISICA','s3 pnp huaman','Cercado de Ica','contreras vasquez luz','benavidez cortez noemi','av. jose matia manzanilla'),(146,'Collahua Marroquin, Solange Antuanet','2018-10-22','08:11:43','el denunciante quien refiere  que el denunciado habria arrebatado sus pertenencias','HURTO AGRAVADO','st2 pnp rivera','Cercado de Ica','gualberto quijandria grimaldo (69)','cabrera espino rolando','jron sucre 123'),(147,'Collahua Marroquin, Solange Antuanet','2018-10-22','08:11:43','quien refieres que unos sujetos  la cual desconoce su identidad  habrian arrebatado sus pertenencias en la calle tacna  tercera cuadra','HURTO AGRAVADO','s3 pnp pasache','Cercado de Ica','karina chavez huanuco','no especifica','calle tacna'),(148,'Collahua Marroquin, Solange Antuanet','2018-10-22','08:11:43','quien refiere que en el centro de  ica le habrian arrebatado sus pertenencias','HURTO AGRAVADO','s3 pnp huaman','Cercado de Ica','lourdes brigitte huyra zavaleta (22)','no especifica','no especifica'),(149,'Collahua Marroquin, Solange Antuanet','2018-10-22','08:11:43','la denunciante refiere  que el denunciado la habria agredido fisicamente','AGRESION FISICA','s3 pnp pasache','Pueblo Joven Señor de Luren','juana rosa lujan cuarez (43)','ronald uribe malache','no especifica'),(150,'Collahua Marroquin, Solange Antuanet','2018-10-22','08:11:43','la denunciante quien refiere  haber sido victima de estafa por parte del denunciado','ESTAFA SIMPLE','s2 pnp la torre','Casuarinas','agustina curo  gonzales (31)','nicolas sandoval tenorio','no especifica'),(151,'Collahua Marroquin, Solange Antuanet','2018-10-22','08:11:43','quien refiere que unos sujetos le arrebataron sus pertenencias','HURTO AGRAVADO','s2 pnp jayo','Cercado de Ica','manuel huaman hernandez (51)','no especifica','calle la union'),(152,'Collahua Marroquin, Solange Antuanet','2018-10-22','08:11:43','quien refiere que  cuando transitaba por la calle amazonas  unos sujetos la cual desconoce su identidad le HABRÍAN arrebatado sus pertenencias','HURTO AGRAVADO','st2 pnp rivera','Cercado de Ica','efrain escobar sanchez (22)','no especifica','calle amazonas'),(153,'Collahua Marroquin, Solange Antuanet','2018-10-22','08:11:43','la denunciante quien  refiere que la denunciada  la estaria  acosando a diario y hostigando en su centro de trabajo','ACOSO Y HOSTIGAMIENTO DIFUSION DE IMAGENES','s2 pnp jayo','Cercado de Ica','maria huallpe gallegos (48)','lucia cardenas orbegozo','av. san martin'),(154,'Collahua Marroquin, Solange Antuanet','2018-10-22','08:47:32','quien refiere  haber sido victima  de hurto por parte de unos sujetos','HURTO AGRAVADO','s2 pnp la torre','Cercado de Ica','gisela gavilan escate','no especifica','mercado modelo'),(155,'Collahua Marroquin, Solange Antuanet','2018-10-22','14:54:56','quien refiere haber sido victima de hurto por parte de una moto taxi en la av arenales','HURTO AGRAVADO','s3 pnp human','Cercado de Ica','luicio molina prada (57)','no especifica','av. arenales'),(156,'Collahua Marroquin, Solange Antuanet','2018-10-22','14:56:59','quien refiere que  en la  calle lima le habrian intercambiado su tarjeta de credkto','ESTAFA AGRAVADA','s3 pnp pasache','Cercado de Ica','valenzuela ochante natividad','no especifica','calle lima'),(157,'Collahua Marroquin, Solange Antuanet','2018-10-22','14:56:59','quien refiere que mediante una llamada telefonica fue estafada','ESTAFA SIMPLE','s2 pnp jayo','Cercado de Ica','carmen lengua segura(39)','no especificA','calle paita'),(158,'Collahua Marroquin, Solange Antuanet','2018-10-22','14:56:59','quien refiere que en la calle andahuaylas  unos sujetos habrian ingresado  su negocio y habrian hurtado una bicicleta','HURTO AGRAVADO','s2 pnp la torre','Cercado de Ica','alexander benavides becerra (56)','no especifica','calle andahuaylas'),(159,'Collahua Marroquin, Solange Antuanet','2018-10-22','14:56:59','la denunciante refiere que fue agredida fisicamente por parte de las dos denunciadas','AGRESION FISICA','s3 pnp huaman','Cercado de Ica','maria silva franco (29)','rossana garcia quijno y julisa ortiz','no especifica'),(160,'Collahua Marroquin, Solange Antuanet','2018-10-24','10:59:05','quien  refiere que domicilia en la calle paita y que  en horas  de la tarde habria recibido una llamada telefonica pidiendole un deposito de dinero','ESTAFA AGRAVADA','s2  pnp jayo','Cercado de Ica','carmen legua segura(39)','no especifica','calle paita'),(161,'Chacaltana Gomez, Maria Isabel','2018-08-30','10:35:32','POR DELITO OMISION A LA ASISTENCIA FAMILIAR  30-08-2018','PERSONA REQUISITORIADA','S3 PNP LA TORRE PALOMINO','(NO ESPECIFICA / NO CONOCE)','PNP','DURAND DONAYRE JULIO MANUEL (31)','(NO ESCIFICA / NO CONOCE'),(162,'Chacaltana Gomez, Maria Isabel','2018-08-30','10:35:32','POR EL DELITO DE LESIONES CULPOSAS  30-08-2018','PERSONA REQUISITORIADA','S3 PNP LA TORRE PALOMINO','(NO ESPECIFICA / NO CONOCE)','INTERVENCION POLICIAL','FERNANDEZ GARCIA JHONATHAN RAUL (30)','(NO ESPECIFICA / NO CONOCE'),(163,'Chacaltana Gomez, Maria Isabel','2018-08-30','10:35:32','POR EL DELITO DE HURTO  30-08-2018','HURTO SIMPLE','S3 PNP LA TORRE PALOMINO','(NO ESPECIFICA / NO CONOCE)','PAREJA TIPIANI CRISTIAN PABLO (18)','(NO ESPECIFICA / NO CONOCE','NO ESPECIFICA / NO CONOCE'),(164,'Chacaltana Gomez, Maria Isabel','2018-08-30','10:35:32','CON JALONES DE CABELLO  30-08-2018','AGRESION FISICA','S2 PNP CARDENAS','(NO ESPECIFICA / NO CONOCE)','HUAYANCA VILLAMARES KATHERINE MADELEIDE','ORELLANA GARCIA YULIANA VALESA','NO ESPECIFICA / NO CONOCE'),(165,'Chacaltana Gomez, Maria Isabel','2018-08-30','10:35:32','HURTO DE  S/ 10,000 N.S.  30-08-2018','HURTO AGRAVADO','S3 PNP LA TORRE PALOMINO','(NO ESPECIFICA / NO CONOCE)','HILARIO PARIONA , PERCY (29)','NO ESPECIFICA / NO CONOCE','NO ESPECIFICA / NO CONOCE'),(166,'Chacaltana Gomez, Maria Isabel','2018-08-30','10:35:32','NO ESPECIFICA    30-08-2018','AGRESION FISICA','S3 PNP QUINTANA','(NO ESPECIFICA / NO CONOCE)','ORELLANA GARCIA YULIANA VALESA','KATI  HUARCAYA','NO ESPECIFICA / NO CONOCE'),(167,'Chacaltana Gomez, Maria Isabel','2018-08-30','10:35:32','BILLETERA , CELULAR SAMSUMG J5 , DNI , TARJETAS DE AHORRO BCP   30-08-2018','ROBO SIMPLE','S3 PNP QUINTANA','(NO ESPECIFICA / NO CONOCE)','GAMBOA CAMARGO LILIA LUCIA (28)','NO ESPECIFICA / NO CONOCE','NO ESPECIFICA / NO CONOCE'),(168,'Chacaltana Gomez, Maria Isabel','2018-08-30','10:35:32','CARTERA , BILLETERA , TARJETA DE CREDITO Y AHORRO , LLAVES , MONEDERO   30-08-2018','HURTO SIMPLE','S2 PNP CARDENAS','(NO ESPECIFICA / NO CONOCE)','ZEA LAZON ERIKA ALESSANDRA (24)','NO ESPECIFICA / NO CONOCE','NO ESPECIFICA / NO CONOCE'),(169,'Chacaltana Gomez, Maria Isabel','2018-08-30','10:35:32','QUIEN DENUNCIA QUE SU MENOR HIJO SARDI HERNANDEZ , JUNIOR YOVANI (16) HA SIDO VICTIMA DE AGRESION','AGRESION FISICA','S3 PNP CALDERON','(NO ESPECIFICA / NO CONOCE)','HERNANDEZ GUERRA KARINA GLADYS (45)','KEVIN PAMO','NO ESPECIFICA / NO CONOCE'),(173,'Collahua Marroquin, Solange Antuanet','2018-10-26','08:33:35','QUIEN REFIERE QUE  EN LOS EXTERIORES DE SU NEGOCIO HABRIAN HURTADO SU BICICLETA','HURTO SIMPLE','S2 PNP LA TORRE','Cercado de Ica','ALEXANDER BARDALES BECERRA (56)','NO ESPECIFICA','CALLE ANDAHUAYLAS'),(174,'Collahua Marroquin, Solange Antuanet','2018-10-26','08:37:34','LA DENUNCIANTE REFIERE QUE LAS DENUNCIADAS LA HABRIAN AGREDIDO FISICAMENTE','AGRESION FISICA','S3 PNP HUAMAN','Cercado de Ica','MARIA SILVA FRANCO (29)','ROSSANA GARCIA QUIJANO Y JULISA ORTIZ','NO ESPECIFICA'),(175,'Collahua Marroquin, Solange Antuanet','2018-10-26','08:50:28','quien refiere en horas de la noche le arrebataron su cartera','HURTO AGRAVADO','s3 pnp pasache','Cercado de Ica','odaliz indira achante espillco','no especifica','no especifica'),(176,'Collahua Marroquin, Solange Antuanet','2018-10-26','09:52:35','quien refiere que hurtaron su bicicleta  en el exterior del centro comercial el quinde','HURTO AGRAVADO','s2 pnp la torre','Cercado de Ica','cesar reza villavicencio (35)','no especifica','av. los maestros'),(177,'Collahua Marroquin, Solange Antuanet','2018-10-26','09:55:54','la denunciante refiere que  su menor hija habria sido victima de delito contra la libertad sexual por parte del denunciado','INTERVENCION POLICIAL','st2 rpnp rivera','Cercado de Ica','gilma  soltelo luna de macedo','pedro felix rojas gomez','no especifica'),(178,'Collahua Marroquin, Solange Antuanet','2018-10-26','10:03:15','quien refiere que en el interior del hotel princess hbaria sido victima de hurto','CONSTATACION POLICIAL','s3 pnp huaman','Cercado de Ica','milagros arica palomino','no especifica','urb. santa maria'),(179,'Collahua Marroquin, Solange Antuanet','2018-10-26','10:06:37','la denunciante refiere que su menor hija se habria ido de su predio INSISTA por su enamorado','DENUNCIAS ESPECIALES','s2 pnp la torre','Cercado de Ica','rosario del pilar ramos salazar','no especifica','no especifica'),(180,'Collahua Marroquin, Solange Antuanet','2018-10-26','10:09:40','quien refiere que un sujeto arrebato su cartera','HURTO AGRAVADO','s3 pnp huaman','Cercado de Ica','ermelinda conislla pillaca (57)','no especifica','no especifica'),(181,'Collahua Marroquin, Solange Antuanet','2018-10-26','10:12:05','persona intervenido por personal de la uneme','CONTROL DE IDENTIDAD','s3 pnp quintana','Cercado de Ica','no especifica','kenny roy vega solar','no especifica'),(182,'Collahua Marroquin, Solange Antuanet','2018-10-26','10:13:57','el denunciante refiere el maltrato y agresion fisica por parte del denunciado','AGRESION FISICA','s3 pnp calderon','Casuarinas','pellon karlos anthony javier','jaime ramos barranca','no especifica'),(183,'Collahua Marroquin, Solange Antuanet','2018-10-26','10:16:32','quien refiere que un sujeto desconocido le pidio 200.00 soles huyendo con el dinero','ESTAFA AGRAVADA','s3 pnp chirinos','Cercado de Ica','ramos anchante pedro esteban','no especifica','calle la mar'),(184,'Collahua Marroquin, Solange Antuanet','2018-10-26','10:24:20','el denunciante refiere que el denunciado habria robado su equipo celular','ROBO DE CELULAR','s3 pnp herrera','Cercado de Ica','geihler zorrilla luly axel','yoel ramos mendez','no especifica'),(185,'Collahua Marroquin, Solange Antuanet','2018-10-26','10:32:37','quien refiere que le robaron su equipo celular','ROBO DE CELULAR','s3 pnp chirinos','Cercado de Ica','astorayme garcia  fredy daniel (19)','no especifica','calle jose matias manzanilla'),(186,'Collahua Marroquin, Solange Antuanet','2018-10-26','10:35:09','quien refiere le sustrajeron su bolso con sus dcumentos','HURTO SIMPLE','s3 pnp chirinos','Cercado de Ica','maria jose patiño','no especifica','calle jose matias manzanilla'),(187,'Collahua Marroquin, Solange Antuanet','2018-10-26','10:40:44','quien refiere que que un apersona desconocida sustrajo sus pertenencias','HURTO AGRAVADO','s3 pnp calderon','Cercado de Ica','astudilo aquije  lizardo irvin','no especifica','camino a huacachina'),(188,'Collahua Marroquin, Solange Antuanet','2018-10-26','10:45:18','intervencion por personal de la uneme ica','INTERVENCION POLICIAL','s3 pnp quintana','Cercado de Ica','no especifica','crispin champi ismael  cristhian','no especifica'),(189,'Collahua Marroquin, Solange Antuanet','2018-10-26','10:50:03','quien refiere que hurtaron sus pertenencias','HURTO AGRAVADO','s2 pnp meza','Cercado de Ica','jose felix aniama garcia','no especifica','calle arequipa'),(190,'Collahua Marroquin, Solange Antuanet','2018-10-26','11:05:32','quien refiere le hurtaron sus pertenencias','HURTO AGRAVADO','s3 pnp quintana','Cercado de Ica','huaman martinez felicita','no especifica','urb. san miguel'),(191,'Collahua Marroquin, Solange Antuanet','2018-10-26','11:07:05','quien refiere que un grupo de personas le sustrajeron su celular','HURTO AGRAVADO','s3 pnp huaman','Cercado de Ica','martinez hernandez alexander','no especifica','calle bolivar'),(192,'Collahua Marroquin, Solange Antuanet','2018-10-26','11:21:57','quien refiere haber sido victima de hurto  de u medidor de luz','HURTO AGRAVADO','s2 pnp jayo','Cercado de Ica','ramos huaman kenderlyn','no especifica','av.fernando leon de vibero'),(193,'Collahua Marroquin, Solange Antuanet','2018-10-26','11:33:52','quien refiere que unos sujetos a bordo de una moto taxi le habrian hurtado su celular','HURTO AGRAVADO','st2 pnp rivera','Cercado de Ica','karina de la cruz romero','no espeifica','aset. hum. virgen asunta'),(194,'Collahua Marroquin, Solange Antuanet','2018-10-26','11:36:06','la denunciante refiere que el denunciado la agredio','AGRESION FISICA','s2 pnp jayo','Urbanizacion La Palma','gonzales huaman rafael','betsi maria del carmen orellana','k-30'),(195,'Collahua Marroquin, Solange Antuanet','2018-10-26','11:38:09','quien refiere que le intercambiaron su tarjeta de crredito','ESTAFA AGRAVADA','s2 pnp la torre','Cercado de Ica','antayhua salazar adrian','no especifica','calle jj. elias'),(196,'Collahua Marroquin, Solange Antuanet','2018-10-26','11:39:48','quien refiere que uno sujetos haciendose pasar por efectivos policiales lo habrian estafado','ESTAFA AGRAVADA','s2 pnp jayo','Cercado de Ica','flores torres felix','no especifica','calle puno'),(197,'Collahua Marroquin, Solange Antuanet','2018-10-26','11:44:14','quien refiere que lo querian matar pegandole con una comba en la parte de la espalda','DENUNCIAS ESPECIALES','s3 pnp huaman','Cercado de Ica','solis muñante jimmy','no especifica','no especifica'),(198,'Collahua Marroquin, Solange Antuanet','2018-10-26','11:46:26','quien refiere que un perro lo habria mordido','MORDEDURA CANINA','s2 pnp la torre','Cercado de Ica','sullca  de la cruz miguel','no especifica','calle callao'),(199,'Collahua Marroquin, Solange Antuanet','2018-10-26','11:51:19','quien refiere que cuando transitaba por la calle amazonas le  sustrajeron sus pertenencias','HURTO AGRAVADO','st2 pnp rivera','Cercado de Ica','nieto cardenas maria jose','no especifica','calle amazonas'),(200,'Collahua Marroquin, Solange Antuanet','2018-10-26','11:54:22','quien refiere que le habrian sustraido su billetera','HURTO SIMPLE','st2 pnp rivera','Las Arenas de Santa Maria','willy yonz torres','no especifica','urb. santa maria'),(201,'Collahua Marroquin, Solange Antuanet','2018-10-26','14:31:58','quien refiere que en la calle matias manzanilla le habrian sustraido  sus pertenencias','HURTO AGRAVADO','st2 pnp rivera','Cercado de Ica','hayder bautista marcos (31)','no especifica','calle jose matias manzanilla'),(202,'Collahua Marroquin, Solange Antuanet','2018-10-26','14:33:49','la denunciante refiere que el denunciado la agredio fisicamente','AGRESION FISICA','s2 pnp jayo','Cercado de Ica','clemente mayuri gutierrez','bernando roberto quintana','no especifica'),(203,'Collahua Marroquin, Solange Antuanet','2018-10-26','14:45:42','quien refiere que en la calle luren le habrian arrebatado sus pertenencias','HURTO AGRAVADO','s2 pnp jayo','Cercado de Ica','mirroya garumendi','no especifica','2da cuadra de la calle luren'),(204,'Collahua Marroquin, Solange Antuanet','2018-10-26','14:52:27','la denunciante refiere que la denunciada ingreso a su domicilio y hurto pertenencias y a su vez hizo daños','VIOLACION DE DOMICILIO','s2 pnp jayo','Urbanizacion La Palma','delia huaman de gonzales','carmen orellana galvez','no especifica'),(205,'Collahua Marroquin, Solange Antuanet','2018-10-26','15:10:02','EL DENUNCIANTE REFIERE QUE  EL DENUNCIADO LO HABRIA AGREDIDO FISIAMENTE','AGRESION FISICA','s2 pnp  jAYO','Pueblo Joven Señor de Luren','miguel rodriguez romero','henry carnero','no especifica'),(206,'Collahua Marroquin, Solange Antuanet','2018-10-26','15:26:07','EL DENUNCIANTE REFIERE QUE EL DENUNCIADO HABRIA COMETIDO DICHO DELITO EN CONTRA DE SU  FAMILIAR','VIOLACION SEXUAL','S2 PNP JAYO','Cercado de Ica','PALOMINO MUÑOZ JOAQUIN','JOSE PISANGO TAURINO','NO ESPECIFICA'),(207,'Collahua Marroquin, Solange Antuanet','2018-10-26','15:28:39','QUIEN REFIERE QUE UN PERRO LA HABRIA MORDIDO','MORDEDURA CANINA','S2 PNP JAYO','Cercado de Ica','FLOR DIAZ CHAVEZ','NO ESPECIFICA','URB. EL BOSQUE'),(208,'Collahua Marroquin, Solange Antuanet','2018-10-26','15:30:07','','TENTATIVA DE HURTO','S2 PNP JAYO','Cercado de Ica','ARACELY MEDINA HUAMANI','YERSY JURADO HERNANDEZ','CALLE MAURTUA'),(209,'Collahua Marroquin, Solange Antuanet','2018-10-26','15:31:34','QUIEN REFIERE QUE EN HORAS DE LA NOCHE UNOS SUJETOS LE ROBARON SU EQUIPO CELULAR','ROBO AGRAVADO DURANTE LA NOCHE','ST2 PNP RIVERA','Cercado de Ica','JEAN PIERRE BOCANEGRA ZEGARRA','NO ESPECIFICA','AV. CUTERVO'),(210,'Collahua Marroquin, Solange Antuanet','2018-10-26','15:33:31','HURTO DE SU BILLETERA DINERO  QUEDANDO COMO CONSTANCIA','HURTO SIMPLE','S3 PNP QUINTANA','Cercado de Ica','MARISA NELLY ESCOBAR TRELLES','DAVID RUBEN SOBRADO ESCOBAR','NO ESPECIFICA'),(211,'Collahua Marroquin, Solange Antuanet','2018-10-26','15:44:02','quien refiere que personas desconocidas hurtaron su billetera','HURTO AGRAVADO','st3 pnp callacondo','Cercado de Ica','huaranca luna karina','no especifica','calle lima'),(212,'Collahua Marroquin, Solange Antuanet','2018-10-26','18:37:07','hecho ocurrido por el mercado la palma de la av. san martin','ROBO DE CELULAR','s3 pnp flores','Cercado de Ica','carazas zavaleta jorge luis','no especifica','av. san martin'),(213,'Collahua Marroquin, Solange Antuanet','2018-10-26','18:39:16','quien refiere que en horas de la tarde robaron su equipo celular','ROBO DE CELULAR','st3 pnp callacondo','Cercado de Ica','mendoza reyes claudia','no especifica','santa rosa del palmar'),(214,'Collahua Marroquin, Solange Antuanet','2018-10-26','18:45:14','quien refiere que  le sustrajeron su billetera','HURTO SIMPLE','s3 pnp chirinos','Cercado de Ica','martinez toledo roberto luis','no especifica','iglesia luren'),(215,'Collahua Marroquin, Solange Antuanet','2018-10-26','18:47:23','quien refiere que  le sustrajeron su su billetera con documentos personales','HURTO SIMPLE','st3 pnp callacondo','Cercado de Ica','ascama uribe rosa','no especifica','calle lima'),(216,'Collahua Marroquin, Solange Antuanet','2018-10-26','18:48:52','quien refiere que le robaron su celular','ROBO DE CELULAR','s3 pnp herrera','Cercado de Ica','lopez ramos pedro','no especifica','calle ayacucho'),(217,'Collahua Marroquin, Solange Antuanet','2018-10-26','18:50:02','quien refiere le sustrajeron su billetera','HURTO SIMPLE','s3 pnp qintana','Cercado de Ica','tatiana vasquez pacheco','no especifica','iglesia luren'),(218,'Collahua Marroquin, Solange Antuanet','2018-10-26','18:51:15','quien refiere que unos sujetos a  bordo de una moto taxi le arrebataron sucelular y billetera','HURTO AGRAVADO','s3 pnp flores','Urbanizacion La Palma','sihues serveleon cristhianet','no especifica','el parque'),(219,'Collahua Marroquin, Solange Antuanet','2018-10-26','18:52:59','quien  refiere que unos sujetos a bordo de una moto lineal ARREBATARON sus pertenencias','HURTO AGRAVADO','s3 pnp chirinos','Cercado de Ica','maria teresa manchego vargas','no  especifica','calle castrovirreina'),(220,'Collahua Marroquin, Solange Antuanet','2018-10-26','18:54:45','quien refiere que se encontraba en la PROCESIÓN del señor de luren  y le sustrajeron su billetera','HURTO SIMPLE','s3 pnp herrera','Cercado de Ica','quispe de la cruz silvia','no especifica','av. cutervo'),(221,'Collahua Marroquin, Solange Antuanet','2018-10-26','18:56:46','quien refiere que  ingresaron a su domicilio LLEVÁNDOSE su dinero y TELEVISOR','HURTO AGRAVADO EN CASA HABITADA','st3 callacondo','Pueblo Joven Señor de Luren','julian diaz claudio','no especifica','no especifica'),(222,'Collahua Marroquin, Solange Antuanet','2018-10-26','18:59:56','acta de intervencion policial :\r\nagresion fisica  mutua \r\nmarcela urbano armas (21) y milagros moquillaza vilca','INTERVENCION POLICIAL','st3 pnp callacondo','Cercado de Ica','no especifica','no especifica','calle lima'),(223,'Collahua Marroquin, Solange Antuanet','2018-10-26','19:03:05','acta de intervencion policial\r\nagresion fisica  \r\njuana rosa huaranga chumpitaz  y vizcarra ponce victor hugo','INTERVENCION POLICIAL','st3 pnp callacondo','Cercado de Ica','no especifica','no especifica','calle huanuco'),(224,'Collahua Marroquin, Solange Antuanet','2018-10-26','19:04:35','la denunciante  refiere que el denunciado acosa y hostiga  a  su menor  hija  chiquiray alvarado kimberly  dayana (15)','ACOSO Y HOSTIGAMIENTO DIFUSION DE IMAGENES','st3 pnp callacondo','Cercado de Ica','alvarado medina mirella','quispe ramirez nicolas','no especifica'),(225,'Collahua Marroquin, Solange Antuanet','2018-10-26','19:09:27','refiere que  le sustrajeron su billetera','HURTO SIMPLE','s3 pnp flores','Cercado de Ica','ramos carhuayo  jhon','no especifica','calle amazonas'),(226,'Collahua Marroquin, Solange Antuanet','2018-10-26','19:17:28','la denunciante refiere que las dos denunciantes la habrian  maltratado','AGRESION FISICA','s3 pnp chirinos','Urbanizacion Santa Rosa del Palmar','ramos gomez carla','fidencia palomino quispe y dina herlinda palo','av.raul boza d-13'),(227,'Collahua Marroquin, Solange Antuanet','2018-10-26','19:20:13','refiere que  ha sido victima de estafa por parte de una empresa de trabajos por internet depositando 260.00 soles','ESTAFA AGRAVADA','s3 pnp calderon','Cercado de Ica','rivera briceño dannyd','no especifica','no especifica'),(228,'Collahua Marroquin, Solange Antuanet','2018-10-26','19:23:57','quien refiere que le habrian sustraido su billetera','HURTO SIMPLE','s3 pnp quintana','Cercado de Ica','inca lozano tito','no especifica','calle ayacucho'),(229,'Collahua Marroquin, Solange Antuanet','2018-10-26','19:26:22','quien refiere le INTERCAMBIARON sus billetes por unos falsos','ESTAFA AGRAVADA','s3 pnp flores','Cercado de Ica','garcia chavez aurea camila','no especifica','plazuela barranca'),(230,'Collahua Marroquin, Solange Antuanet','2018-10-26','19:33:33','quien refiere le arrebataron su billetera','HURTO AGRAVADO','s3 pnp herrera','Cercado de Ica','caceres piñate junior','no especifica','av cutervo'),(231,'Collahua Marroquin, Solange Antuanet','2018-10-26','19:34:52','la denunciante refiere que la denunciada la habria agredido  fisicamente','AGRESION FISICA','s3 pnp quintana','Cercado de Ica','cuadro champe saky','nicole morales','av. san martin'),(232,'Collahua Marroquin, Solange Antuanet','2018-10-26','19:52:56','la denunciada refiere que su conviviente la habria agredido fisicamente','AGRESION FISICA','s3 pnp calderon','Comatrana','carmen flores gomez','jhonatan moran uchuya','no especifica'),(233,'Collahua Marroquin, Solange Antuanet','2018-10-26','19:54:39','quien refiere que los vendedores de ropa de la plaza barranca entregaban dinero falso','ESTAFA AGRAVADA','s3 pnp  flores','Cercado de Ica','patricia hidalgo mendoza','no especifica','plaza barranca');
/*!40000 ALTER TABLE `denuncias` ENABLE KEYS */;

--
-- Table structure for table `departamentos`
--

DROP TABLE IF EXISTS `departamentos`;
/*!40101 SET @saved_cs_client     = @@character_set_client */;
/*!40101 SET character_set_client = utf8 */;
CREATE TABLE `departamentos` (
  `iddepartamentos` int(11) NOT NULL AUTO_INCREMENT,
  `nombre` varchar(45) COLLATE utf8_spanish2_ci NOT NULL,
  PRIMARY KEY (`iddepartamentos`)
) ENGINE=InnoDB AUTO_INCREMENT=26 DEFAULT CHARSET=utf8 COLLATE=utf8_spanish2_ci;
/*!40101 SET character_set_client = @saved_cs_client */;

--
-- Dumping data for table `departamentos`
--

/*!40000 ALTER TABLE `departamentos` DISABLE KEYS */;
INSERT INTO `departamentos` VALUES (1,'AMAZONAS'),(2,'ANCASH'),(3,'APURIMAC'),(4,'AREQUIPA'),(5,'AYACUCHO'),(6,'CAJAMARCA'),(7,'CALLAO'),(8,'CUSCO'),(9,'HUANCAVELICA'),(10,'HUANUCO'),(11,'ICA'),(12,'JUNIN'),(13,'LA LIBERTAD'),(14,'LAMBAYEQUE'),(15,'LIMA'),(16,'LORETO'),(17,'MADRE DE DIOS'),(18,'MOQUEGUA'),(19,'PASCO'),(20,'PIURA'),(21,'PUNO'),(22,'SAN MARTIN'),(23,'TACNA'),(24,'TUMBES'),(25,'UCAYALI');
/*!40000 ALTER TABLE `departamentos` ENABLE KEYS */;

--
-- Table structure for table `distritos`
--

DROP TABLE IF EXISTS `distritos`;
/*!40101 SET @saved_cs_client     = @@character_set_client */;
/*!40101 SET character_set_client = utf8 */;
CREATE TABLE `distritos` (
  `iddistritos` int(11) NOT NULL AUTO_INCREMENT,
  `nombre` varchar(120) COLLATE utf8_spanish2_ci NOT NULL,
  `idprovincias` int(11) NOT NULL,
  PRIMARY KEY (`iddistritos`)
) ENGINE=InnoDB AUTO_INCREMENT=250403 DEFAULT CHARSET=utf8 COLLATE=utf8_spanish2_ci;
/*!40101 SET character_set_client = @saved_cs_client */;

--
-- Dumping data for table `distritos`
--

/*!40000 ALTER TABLE `distritos` DISABLE KEYS */;
INSERT INTO `distritos` VALUES (10101,'CHACHAPOYAS',10100),(10102,'ASUNCION',10100),(10103,'BALSAS',10100),(10104,'CHETO',10100),(10105,'CHILIQUIN',10100),(10106,'CHUQUIBAMBA',10100),(10107,'GRANADA',10100),(10108,'HUANCAS',10100),(10109,'LA JALCA',10100),(10110,'LEIMEBAMBA',10100),(10111,'LEVANTO',10100),(10112,'MAGDALENA',10100),(10113,'MARISCAL CASTILLA',10100),(10114,'MOLINOPAMPA',10100),(10115,'MONTEVIDEO',10100),(10116,'OLLEROS',10100),(10117,'QUINJALCA',10100),(10118,'SAN FRANCISCO DE DAGUAS',10100),(10119,'SAN ISIDRO DE MAINO',10100),(10120,'SOLOCO',10100),(10121,'SONCHE',10100),(10201,'LA PECA',10200),(10202,'ARAMANGO',10200),(10203,'COPALLIN',10200),(10204,'EL PARCO',10200),(10205,'IMAZA',10200),(10301,'JUMBILLA',10300),(10302,'CHISQUILLA',10300),(10303,'CHURUJA',10300),(10304,'COROSHA',10300),(10305,'CUISPES',10300),(10306,'FLORIDA',10300),(10307,'JAZAN',10300),(10308,'RECTA',10300),(10309,'SAN CARLOS',10300),(10310,'SHIPASBAMBA',10300),(10311,'VALERA',10300),(10312,'YAMBRASBAMBA',10300),(10401,'NIEVA',10400),(10402,'EL CENEPA',10400),(10403,'RIO SANTIAGO',10400),(10501,'LAMUD',10500),(10502,'CAMPORREDONDO',10500),(10503,'COCABAMBA',10500),(10504,'COLCAMAR',10500),(10505,'CONILA',10500),(10506,'INGUILPATA',10500),(10507,'LONGUITA',10500),(10508,'LONYA CHICO',10500),(10509,'LUYA',10500),(10510,'LUYA VIEJO',10500),(10511,'MARIA',10500),(10512,'OCALLI',10500),(10513,'OCUMAL',10500),(10514,'PISUQUIA',10500),(10515,'PROVIDENCIA',10500),(10516,'SAN CRISTOBAL',10500),(10517,'SAN FRANCISCO DEL YESO',10500),(10518,'SAN JERONIMO',10500),(10519,'SAN JUAN DE LOPECANCHA',10500),(10520,'SANTA CATALINA',10500),(10521,'SANTO TOMAS',10500),(10522,'TINGO',10500),(10523,'TRITA',10500),(10601,'SAN NICOLAS',10600),(10602,'CHIRIMOTO',10600),(10603,'COCHAMAL',10600),(10604,'HUAMBO',10600),(10605,'LIMABAMBA',10600),(10606,'LONGAR',10600),(10607,'MARISCAL BENAVIDES',10600),(10608,'MILPUC',10600),(10609,'OMIA',10600),(10610,'SANTA ROSA',10600),(10611,'TOTORA',10600),(10612,'VISTA ALEGRE',10600),(10701,'BAGUA GRANDE',10700),(10702,'CAJARURO',10700),(10703,'CUMBA',10700),(10704,'EL MILAGRO',10700),(10705,'JAMALCA',10700),(10706,'LONYA GRANDE',10700),(10707,'YAMON',10700),(20101,'HUARAZ',20100),(20102,'COCHABAMBA',20100),(20103,'COLCABAMBA',20100),(20104,'HUANCHAY',20100),(20105,'INDEPENDENCIA',20100),(20106,'JANGAS',20100),(20107,'LA LIBERTAD',20100),(20108,'OLLEROS',20100),(20109,'PAMPAS',20100),(20110,'PARIACOTO',20100),(20111,'PIRA',20100),(20112,'TARICA',20100),(20201,'AIJA',20200),(20202,'CORIS',20200),(20203,'HUACLLAN',20200),(20204,'LA MERCED',20200),(20205,'SUCCHA',20200),(20301,'LLAMELLIN',20300),(20302,'ACZO',20300),(20303,'CHACCHO',20300),(20304,'CHINGAS',20300),(20305,'MIRGAS',20300),(20306,'SAN JUAN DE RONTOY',20300),(20401,'CHACAS',20400),(20402,'ACOCHACA',20400),(20501,'CHIQUIAN',20500),(20502,'ABELARDO PARDO LEZAMETA',20500),(20503,'ANTONIO RAYMONDI',20500),(20504,'AQUIA',20500),(20505,'CAJACAY',20500),(20506,'CANIS',20500),(20507,'COLQUIOC',20500),(20508,'HUALLANCA',20500),(20509,'HUASTA',20500),(20510,'HUAYLLACAYAN',20500),(20511,'LA PRIMAVERA',20500),(20512,'MANGAS',20500),(20513,'PACLLON',20500),(20514,'SAN MIGUEL DE CORPANQUI',20500),(20515,'TICLLOS',20500),(20601,'CARHUAZ',20600),(20602,'ACOPAMPA',20600),(20603,'AMASHCA',20600),(20604,'ANTA',20600),(20605,'ATAQUERO',20600),(20606,'MARCARA',20600),(20607,'PARIAHUANCA',20600),(20608,'SAN MIGUEL DE ACO',20600),(20609,'SHILLA',20600),(20610,'TINCO',20600),(20611,'YUNGAR',20600),(20701,'SAN LUIS',20700),(20702,'SAN NICOLAS',20700),(20703,'YAUYA',20700),(20801,'CASMA',20800),(20802,'BUENA VISTA ALTA',20800),(20803,'COMANDANTE NOEL',20800),(20804,'YAUTAN',20800),(20901,'CORONGO',20900),(20902,'ACO',20900),(20903,'BAMBAS',20900),(20904,'CUSCA',20900),(20905,'LA PAMPA',20900),(20906,'YANAC',20900),(20907,'YUPAN',20900),(21001,'HUARI',21000),(21002,'ANRA',21000),(21003,'CAJAY',21000),(21004,'CHAVIN DE HUANTAR',21000),(21005,'HUACACHI',21000),(21006,'HUACCHIS',21000),(21007,'HUACHIS',21000),(21008,'HUANTAR',21000),(21009,'MASIN',21000),(21010,'PAUCAS',21000),(21011,'PONTO',21000),(21012,'RAHUAPAMPA',21000),(21013,'RAPAYAN',21000),(21014,'SAN MARCOS',21000),(21015,'SAN PEDRO DE CHANA',21000),(21016,'UCO',21000),(21101,'HUARMEY',21100),(21102,'COCHAPETI',21100),(21103,'CULEBRAS',21100),(21104,'HUAYAN',21100),(21105,'MALVAS',21100),(21201,'CARAZ',21200),(21202,'HUALLANCA',21200),(21203,'HUATA',21200),(21204,'HUAYLAS',21200),(21205,'MATO',21200),(21206,'PAMPAROMAS',21200),(21207,'PUEBLO LIBRE',21200),(21208,'SANTA CRUZ',21200),(21209,'SANTO TORIBIO',21200),(21210,'YURACMARCA',21200),(21301,'PISCOBAMBA',21300),(21302,'CASCA',21300),(21303,'ELEAZAR GUZMAN BARRON',21300),(21304,'FIDEL OLIVAS ESCUDERO',21300),(21305,'LLAMA',21300),(21306,'LLUMPA',21300),(21307,'LUCMA',21300),(21308,'MUSGA',21300),(21401,'OCROS',21400),(21402,'ACAS',21400),(21403,'CAJAMARQUILLA',21400),(21404,'CARHUAPAMPA',21400),(21405,'COCHAS',21400),(21406,'CONGAS',21400),(21407,'LLIPA',21400),(21408,'SAN CRISTOBAL DE RAJAN',21400),(21409,'SAN PEDRO',21400),(21410,'SANTIAGO DE CHILCAS',21400),(21501,'CABANA',21500),(21502,'BOLOGNESI',21500),(21503,'CONCHUCOS',21500),(21504,'HUACASCHUQUE',21500),(21505,'HUANDOVAL',21500),(21506,'LACABAMBA',21500),(21507,'LLAPO',21500),(21508,'PALLASCA',21500),(21509,'PAMPAS',21500),(21510,'SANTA ROSA',21500),(21511,'TAUCA',21500),(21601,'POMABAMBA',21600),(21602,'HUAYLLAN',21600),(21603,'PAROBAMBA',21600),(21604,'QUINUABAMBA',21600),(21701,'RECUAY',21700),(21702,'CATAC',21700),(21703,'COTAPARACO',21700),(21704,'HUAYLLAPAMPA',21700),(21705,'LLACLLIN',21700),(21706,'MARCA',21700),(21707,'PAMPAS CHICO',21700),(21708,'PARARIN',21700),(21709,'TAPACOCHA',21700),(21710,'TICAPAMPA',21700),(21801,'CHIMBOTE',21800),(21802,'CACERES DEL PERU',21800),(21803,'COISHCO',21800),(21804,'MACATE',21800),(21805,'MORO',21800),(21806,'NEPEÂ¥A',21800),(21807,'SAMANCO',21800),(21808,'SANTA',21800),(21809,'NUEVO CHIMBOTE',21800),(21901,'SIHUAS',21900),(21902,'ACOBAMBA',21900),(21903,'ALFONSO UGARTE',21900),(21904,'CASHAPAMPA',21900),(21905,'CHINGALPO',21900),(21906,'HUAYLLABAMBA',21900),(21907,'QUICHES',21900),(21908,'RAGASH',21900),(21909,'SAN JUAN',21900),(21910,'SICSIBAMBA',21900),(22001,'YUNGAY',22000),(22002,'CASCAPARA',22000),(22003,'MANCOS',22000),(22004,'MATACOTO',22000),(22005,'QUILLO',22000),(22006,'RANRAHIRCA',22000),(22007,'SHUPLUY',22000),(22008,'YANAMA',22000),(30101,'ABANCAY',30100),(30102,'CHACOCHE',30100),(30103,'CIRCA',30100),(30104,'CURAHUASI',30100),(30105,'HUANIPACA',30100),(30106,'LAMBRAMA',30100),(30107,'PICHIRHUA',30100),(30108,'SAN PEDRO DE CACHORA',30100),(30109,'TAMBURCO',30100),(30201,'ANDAHUAYLAS',30200),(30202,'ANDARAPA',30200),(30203,'CHIARA',30200),(30204,'HUANCARAMA',30200),(30205,'HUANCARAY',30200),(30206,'HUAYANA',30200),(30207,'KISHUARA',30200),(30208,'PACOBAMBA',30200),(30209,'PACUCHA',30200),(30210,'PAMPACHIRI',30200),(30211,'POMACOCHA',30200),(30212,'SAN ANTONIO DE CACHI',30200),(30213,'SAN JERONIMO',30200),(30214,'SAN MIGUEL DE CHACCRAMPA',30200),(30215,'SANTA MARIA DE CHICMO',30200),(30216,'TALAVERA',30200),(30217,'TUMAY HUARACA',30200),(30218,'TURPO',30200),(30219,'KAQUIABAMBA',30200),(30301,'ANTABAMBA',30300),(30302,'EL ORO',30300),(30303,'HUAQUIRCA',30300),(30304,'JUAN ESPINOZA MEDRANO',30300),(30305,'OROPESA',30300),(30306,'PACHACONAS',30300),(30307,'SABAINO',30300),(30401,'CHALHUANCA',30400),(30402,'CAPAYA',30400),(30403,'CARAYBAMBA',30400),(30404,'CHAPIMARCA',30400),(30405,'COLCABAMBA',30400),(30406,'COTARUSE',30400),(30407,'HUAYLLO',30400),(30408,'JUSTO APU SAHUARAURA',30400),(30409,'LUCRE',30400),(30410,'POCOHUANCA',30400),(30411,'SAN JUAN DE CHACÂ¥A',30400),(30412,'SAÂ¥AYCA',30400),(30413,'SORAYA',30400),(30414,'TAPAIRIHUA',30400),(30415,'TINTAY',30400),(30416,'TORAYA',30400),(30417,'YANACA',30400),(30501,'TAMBOBAMBA',30500),(30502,'COTABAMBAS',30500),(30503,'COYLLURQUI',30500),(30504,'HAQUIRA',30500),(30505,'MARA',30500),(30506,'CHALLHUAHUACHO',30500),(30601,'CHINCHEROS',30600),(30602,'ANCO-HUALLO',30600),(30603,'COCHARCAS',30600),(30604,'HUACCANA',30600),(30605,'OCOBAMBA',30600),(30606,'ONGOY',30600),(30607,'URANMARCA',30600),(30608,'RANRACANCHA',30600),(30701,'CHUQUIBAMBILLA',30700),(30702,'CURPAHUASI',30700),(30703,'GAMARRA',30700),(30704,'HUAYLLATI',30700),(30705,'MAMARA',30700),(30706,'MICAELA BASTIDAS',30700),(30707,'PATAYPAMPA',30700),(30708,'PROGRESO',30700),(30709,'SAN ANTONIO',30700),(30710,'SANTA ROSA',30700),(30711,'TURPAY',30700),(30712,'VILCABAMBA',30700),(30713,'VIRUNDO',30700),(30714,'CURASCO',30700),(40101,'AREQUIPA',40100),(40102,'ALTO SELVA ALEGRE',40100),(40103,'CAYMA',40100),(40104,'CERRO COLORADO',40100),(40105,'CHARACATO',40100),(40106,'CHIGUATA',40100),(40107,'JACOBO HUNTER',40100),(40108,'LA JOYA',40100),(40109,'MARIANO MELGAR',40100),(40110,'MIRAFLORES',40100),(40111,'MOLLEBAYA',40100),(40112,'PAUCARPATA',40100),(40113,'POCSI',40100),(40114,'POLOBAYA',40100),(40115,'QUEQUEÂ¥A',40100),(40116,'SABANDIA',40100),(40117,'SACHACA',40100),(40118,'SAN JUAN DE SIGUAS',40100),(40119,'SAN JUAN DE TARUCANI',40100),(40120,'SANTA ISABEL DE SIGUAS',40100),(40121,'SANTA RITA DE SIGUAS',40100),(40122,'SOCABAYA',40100),(40123,'TIABAYA',40100),(40124,'UCHUMAYO',40100),(40125,'VITOR   1/',40100),(40126,'YANAHUARA',40100),(40127,'YARABAMBA',40100),(40128,'YURA',40100),(40129,'JOSE LUIS BUSTAMANTE Y RIVERO',40100),(40201,'CAMANA',40200),(40202,'JOSE MARIA QUIMPER',40200),(40203,'MARIANO NICOLAS VALCARCEL',40200),(40204,'MARISCAL CACERES',40200),(40205,'NICOLAS DE PIEROLA',40200),(40206,'OCOÂ¥A',40200),(40207,'QUILCA',40200),(40208,'SAMUEL PASTOR',40200),(40301,'CARAVELI',40300),(40302,'ACARI',40300),(40303,'ATICO',40300),(40304,'ATIQUIPA',40300),(40305,'BELLA UNION',40300),(40306,'CAHUACHO',40300),(40307,'CHALA',40300),(40308,'CHAPARRA',40300),(40309,'HUANUHUANU',40300),(40310,'JAQUI',40300),(40311,'LOMAS',40300),(40312,'QUICACHA',40300),(40313,'YAUCA',40300),(40401,'APLAO',40400),(40402,'ANDAGUA',40400),(40403,'AYO',40400),(40404,'CHACHAS',40400),(40405,'CHILCAYMARCA',40400),(40406,'CHOCO',40400),(40407,'HUANCARQUI',40400),(40408,'MACHAGUAY',40400),(40409,'ORCOPAMPA',40400),(40410,'PAMPACOLCA',40400),(40411,'TIPAN',40400),(40412,'UÂ¥ON',40400),(40413,'URACA',40400),(40414,'VIRACO',40400),(40501,'CHIVAY',40500),(40502,'ACHOMA',40500),(40503,'CABANACONDE',40500),(40504,'CALLALLI',40500),(40505,'CAYLLOMA',40500),(40506,'COPORAQUE',40500),(40507,'HUAMBO',40500),(40508,'HUANCA',40500),(40509,'ICHUPAMPA',40500),(40510,'LARI',40500),(40511,'LLUTA',40500),(40512,'MACA',40500),(40513,'MADRIGAL',40500),(40514,'SAN ANTONIO DE CHUCA  2/',40500),(40515,'SIBAYO',40500),(40516,'TAPAY',40500),(40517,'TISCO',40500),(40518,'TUTI',40500),(40519,'YANQUE',40500),(40520,'MAJES',40500),(40601,'CHUQUIBAMBA',40600),(40602,'ANDARAY',40600),(40603,'CAYARANI',40600),(40604,'CHICHAS',40600),(40605,'IRAY',40600),(40606,'RIO GRANDE',40600),(40607,'SALAMANCA',40600),(40608,'YANAQUIHUA',40600),(40701,'MOLLENDO',40700),(40702,'COCACHACRA',40700),(40703,'DEAN VALDIVIA',40700),(40704,'ISLAY',40700),(40705,'MEJIA',40700),(40706,'PUNTA DE BOMBON',40700),(40801,'COTAHUASI',40800),(40802,'ALCA',40800),(40803,'CHARCANA',40800),(40804,'HUAYNACOTAS',40800),(40805,'PAMPAMARCA',40800),(40806,'PUYCA',40800),(40807,'QUECHUALLA',40800),(40808,'SAYLA',40800),(40809,'TAURIA',40800),(40810,'TOMEPAMPA',40800),(40811,'TORO',40800),(50101,'AYACUCHO',50100),(50102,'ACOCRO',50100),(50103,'ACOS VINCHOS',50100),(50104,'CARMEN ALTO',50100),(50105,'CHIARA',50100),(50106,'OCROS',50100),(50107,'PACAYCASA',50100),(50108,'QUINUA',50100),(50109,'SAN JOSE DE TICLLAS',50100),(50110,'SAN JUAN BAUTISTA',50100),(50111,'SANTIAGO DE PISCHA',50100),(50112,'SOCOS',50100),(50113,'TAMBILLO',50100),(50114,'VINCHOS',50100),(50115,'JESUS NAZARENO',50100),(50201,'CANGALLO',50200),(50202,'CHUSCHI',50200),(50203,'LOS MOROCHUCOS',50200),(50204,'MARIA PARADO DE BELLIDO',50200),(50205,'PARAS',50200),(50206,'TOTOS',50200),(50301,'SANCOS',50300),(50302,'CARAPO',50300),(50303,'SACSAMARCA',50300),(50304,'SANTIAGO DE LUCANAMARCA',50300),(50401,'HUANTA',50400),(50402,'AYAHUANCO',50400),(50403,'HUAMANGUILLA',50400),(50404,'IGUAIN',50400),(50405,'LURICOCHA',50400),(50406,'SANTILLANA',50400),(50407,'SIVIA',50400),(50408,'LLOCHEGUA',50400),(50501,'SAN MIGUEL 2',50500),(50502,'ANCO',50500),(50503,'AYNA',50500),(50504,'CHILCAS',50500),(50505,'CHUNGUI',50500),(50506,'LUIS CARRANZA',50500),(50507,'SANTA ROSA',50500),(50508,'TAMBO',50500),(50601,'PUQUIO',50600),(50602,'AUCARA',50600),(50603,'CABANA',50600),(50604,'CARMEN SALCEDO',50600),(50605,'CHAVIÂ¥A',50600),(50606,'CHIPAO',50600),(50607,'HUAC-HUAS',50600),(50608,'LARAMATE',50600),(50609,'LEONCIO PRADO',50600),(50610,'LLAUTA',50600),(50611,'LUCANAS',50600),(50612,'OCAÂ¥A',50600),(50613,'OTOCA',50600),(50614,'SAISA',50600),(50615,'SAN CRISTOBAL',50600),(50616,'SAN JUAN',50600),(50617,'SAN PEDRO',50600),(50618,'SAN PEDRO DE PALCO',50600),(50619,'SANCOS',50600),(50620,'SANTA ANA DE HUAYCAHUACHO',50600),(50621,'SANTA LUCIA',50600),(50701,'CORACORA',50700),(50702,'CHUMPI',50700),(50703,'CORONEL CASTAÂ¥EDA',50700),(50704,'PACAPAUSA',50700),(50705,'PULLO',50700),(50706,'PUYUSCA',50700),(50707,'SAN FRANCISCO DE RAVACAYCO',50700),(50708,'UPAHUACHO',50700),(50801,'PAUSA',50800),(50802,'COLTA',50800),(50803,'CORCULLA',50800),(50804,'LAMPA',50800),(50805,'MARCABAMBA',50800),(50806,'OYOLO',50800),(50807,'PARARCA',50800),(50808,'SAN JAVIER DE ALPABAMBA',50800),(50809,'SAN JOSE DE USHUA',50800),(50810,'SARA SARA',50800),(50901,'QUEROBAMBA',50900),(50902,'BELEN',50900),(50903,'CHALCOS',50900),(50904,'CHILCAYOC',50900),(50905,'HUACAÂ¥A',50900),(50906,'MORCOLLA',50900),(50907,'PAICO',50900),(50908,'SAN PEDRO DE LARCAY',50900),(50909,'SAN SALVADOR DE QUIJE',50900),(50910,'SANTIAGO DE PAUCARAY',50900),(50911,'SORAS',50900),(51001,'HUANCAPI',51000),(51002,'ALCAMENCA',51000),(51003,'APONGO',51000),(51004,'ASQUIPATA',51000),(51005,'CANARIA',51000),(51006,'CAYARA',51000),(51007,'COLCA',51000),(51008,'HUAMANQUIQUIA',51000),(51009,'HUANCARAYLLA',51000),(51010,'HUAYA',51000),(51011,'SARHUA',51000),(51012,'VILCANCHOS',51000),(51101,'VILCAS HUAMAN',51100),(51102,'ACCOMARCA',51100),(51103,'CARHUANCA',51100),(51104,'CONCEPCION',51100),(51105,'HUAMBALPA',51100),(51106,'INDEPENDENCIA',51100),(51107,'SAURAMA',51100),(51108,'VISCHONGO',51100),(60101,'CAJAMARCA',60100),(60102,'ASUNCION',60100),(60103,'CHETILLA',60100),(60104,'COSPAN',60100),(60105,'ENCAÂ¥ADA',60100),(60106,'JESUS',60100),(60107,'LLACANORA',60100),(60108,'LOS BAÂ¥OS DEL INCA',60100),(60109,'MAGDALENA',60100),(60110,'MATARA',60100),(60111,'NAMORA',60100),(60112,'SAN JUAN',60100),(60201,'CAJABAMBA',60200),(60202,'CACHACHI',60200),(60203,'CONDEBAMBA',60200),(60204,'SITACOCHA',60200),(60301,'CELENDIN',60300),(60302,'CHUMUCH',60300),(60303,'CORTEGANA',60300),(60304,'HUASMIN',60300),(60305,'JORGE CHAVEZ',60300),(60306,'JOSE GALVEZ',60300),(60307,'MIGUEL IGLESIAS',60300),(60308,'OXAMARCA',60300),(60309,'SOROCHUCO',60300),(60310,'SUCRE',60300),(60311,'UTCO',60300),(60312,'LA LIBERTAD DE PALLAN',60300),(60401,'CHOTA',60400),(60402,'ANGUIA',60400),(60403,'CHADIN',60400),(60404,'CHIGUIRIP',60400),(60405,'CHIMBAN',60400),(60406,'CHOROPAMPA',60400),(60407,'COCHABAMBA',60400),(60408,'CONCHAN',60400),(60409,'HUAMBOS',60400),(60410,'LAJAS',60400),(60411,'LLAMA',60400),(60412,'MIRACOSTA',60400),(60413,'PACCHA',60400),(60414,'PION',60400),(60415,'QUEROCOTO',60400),(60416,'SAN JUAN DE LICUPIS',60400),(60417,'TACABAMBA',60400),(60418,'TOCMOCHE',60400),(60419,'CHALAMARCA',60400),(60501,'CONTUMAZA',60500),(60502,'CHILETE',60500),(60503,'CUPISNIQUE',60500),(60504,'GUZMANGO',60500),(60505,'SAN BENITO',60500),(60506,'SANTA CRUZ DE TOLED',60500),(60507,'TANTARICA',60500),(60508,'YONAN',60500),(60601,'CUTERVO',60600),(60602,'CALLAYUC',60600),(60603,'CHOROS',60600),(60604,'CUJILLO',60600),(60605,'LA RAMADA',60600),(60606,'PIMPINGOS',60600),(60607,'QUEROCOTILLO',60600),(60608,'SAN ANDRES DE CUTERVO',60600),(60609,'SAN JUAN DE CUTERVO',60600),(60610,'SAN LUIS DE LUCMA',60600),(60611,'SANTA CRUZ',60600),(60612,'SANTO DOMINGO DE LA CAPILLA',60600),(60613,'SANTO TOMAS',60600),(60614,'SOCOTA',60600),(60615,'TORIBIO CASANOVA',60600),(60701,'BAMBAMARCA',60700),(60702,'CHUGUR',60700),(60703,'HUALGAYOC',60700),(60801,'JAEN',60800),(60802,'BELLAVISTA                           3',60800),(60803,'CHONTALI',60800),(60804,'COLASAY',60800),(60805,'HUABAL',60800),(60806,'LAS PIRIAS',60800),(60807,'POMAHUACA',60800),(60808,'PUCARA',60800),(60809,'SALLIQUE',60800),(60810,'SAN FELIPE',60800),(60811,'SAN JOSE DEL ALTO',60800),(60812,'SANTA ROSA',60800),(60901,'SAN IGNACIO',60900),(60902,'CHIRINOS',60900),(60903,'HUARANGO',60900),(60904,'LA COIPA',60900),(60905,'NAMBALLE',60900),(60906,'SAN JOSE DE LOURDES',60900),(60907,'TABACONAS',60900),(61001,'PEDRO GALVEZ',61000),(61002,'CHANCAY',61000),(61003,'EDUARDO VILLANUEVA',61000),(61004,'GREGORIO PITA',61000),(61005,'ICHOCAN',61000),(61006,'JOSE MANUEL QUIROZ',61000),(61007,'JOSE SABOGAL',61000),(61101,'SAN MIGUEL 1',61100),(61102,'BOLIVAR',61100),(61103,'CALQUIS',61100),(61104,'CATILLUC',61100),(61105,'EL PRADO',61100),(61106,'LA FLORIDA',61100),(61107,'LLAPA',61100),(61108,'NANCHOC',61100),(61109,'NIEPOS',61100),(61110,'SAN GREGORIO',61100),(61111,'SAN SILVESTRE DE COCHAN',61100),(61112,'TONGOD',61100),(61113,'UNION AGUA BLANCA',61100),(61201,'SAN PABLO',61200),(61202,'SAN BERNARDINO',61200),(61203,'SAN LUIS',61200),(61204,'TUMBADEN',61200),(61301,'SANTA CRUZ',61300),(61302,'ANDABAMBA',61300),(61303,'CATACHE',61300),(61304,'CHANCAYBAÂ¥OS',61300),(61305,'LA ESPERANZA',61300),(61306,'NINABAMBA',61300),(61307,'PULAN',61300),(61308,'SAUCEPAMPA',61300),(61309,'SEXI',61300),(61310,'UTICYACU',61300),(61311,'YAUYUCAN',61300),(70101,'CALLAO',70000),(70102,'BELLAVISTA                           4',70000),(70103,'CARMEN DE LA LEGUA REYNOSO',70000),(70104,'LA PERLA',70000),(70105,'LA PUNTA',70000),(70106,'VENTANILLA',70000),(80101,'CUSCO',80100),(80102,'CCORCA',80100),(80103,'POROY',80100),(80104,'SAN JERONIMO',80100),(80105,'SAN SEBASTIAN',80100),(80106,'SANTIAGO',80100),(80107,'SAYLLA',80100),(80108,'WANCHAQ',80100),(80201,'ACOMAYO',80200),(80202,'ACOPIA',80200),(80203,'ACOS',80200),(80204,'MOSOC LLACTA',80200),(80205,'POMACANCHI',80200),(80206,'RONDOCAN',80200),(80207,'SANGARARA',80200),(80301,'ANTA',80300),(80302,'ANCAHUASI',80300),(80303,'CACHIMAYO',80300),(80304,'CHINCHAYPUJIO',80300),(80305,'HUAROCONDO',80300),(80306,'LIMATAMBO',80300),(80307,'MOLLEPATA',80300),(80308,'PUCYURA',80300),(80309,'ZURITE',80300),(80401,'CALCA',80400),(80402,'COYA',80400),(80403,'LAMAY',80400),(80404,'LARES',80400),(80405,'PISAC',80400),(80406,'SAN SALVADOR',80400),(80407,'TARAY',80400),(80408,'YANATILE',80400),(80501,'YANAOCA',80500),(80502,'CHECCA',80500),(80503,'KUNTURKANKI',80500),(80504,'LANGUI',80500),(80505,'LAYO',80500),(80506,'PAMPAMARCA',80500),(80507,'QUEHUE',80500),(80508,'TUPAC AMARU',80500),(80601,'SICUANI',80600),(80602,'CHECACUPE',80600),(80603,'COMBAPATA',80600),(80604,'MARANGANI',80600),(80605,'PITUMARCA',80600),(80606,'SAN PABLO',80600),(80607,'SAN PEDRO',80600),(80608,'TINTA',80600),(80701,'SANTO TOMAS',80700),(80702,'CAPACMARCA',80700),(80703,'CHAMACA',80700),(80704,'COLQUEMARCA',80700),(80705,'LIVITACA',80700),(80706,'LLUSCO',80700),(80707,'QUIÂ¥OTA',80700),(80708,'VELILLE',80700),(80801,'ESPINAR',80800),(80802,'CONDOROMA',80800),(80803,'COPORAQUE',80800),(80804,'OCORURO',80800),(80805,'PALLPATA',80800),(80806,'PICHIGUA',80800),(80807,'SUYCKUTAMBO',80800),(80808,'ALTO PICHIGUA',80800),(80901,'SANTA ANA',80900),(80902,'ECHARATE',80900),(80903,'HUAYOPATA',80900),(80904,'MARANURA',80900),(80905,'OCOBAMBA ',80900),(80906,'QUELLOUNO',80900),(80907,'QUIMBIRI',80900),(80908,'SANTA TERESA',80900),(80909,'VILCABAMBA',80900),(80910,'PICHARI',80900),(81001,'PARURO',81000),(81002,'ACCHA',81000),(81003,'CCAPI',81000),(81004,'COLCHA',81000),(81005,'HUANOQUITE',81000),(81006,'OMACHA',81000),(81007,'PACCARITAMBO',81000),(81008,'PILLPINTO',81000),(81009,'YAURISQUE',81000),(81101,'PAUCARTAMBO',81100),(81102,'CAICAY',81100),(81103,'CHALLABAMBA',81100),(81104,'COLQUEPATA',81100),(81105,'HUANCARANI',81100),(81106,'KOSÂ¥IPATA',81100),(81201,'URCOS',81200),(81202,'ANDAHUAYLILLAS',81200),(81203,'CAMANTI',81200),(81204,'CCARHUAYO',81200),(81205,'CCATCA',81200),(81206,'CUSIPATA',81200),(81207,'HUARO',81200),(81208,'LUCRE',81200),(81209,'MARCAPATA',81200),(81210,'OCONGATE',81200),(81211,'OROPESA',81200),(81212,'QUIQUIJANA',81200),(81301,'URUBAMBA',81300),(81302,'CHINCHERO',81300),(81303,'HUAYLLABAMBA',81300),(81304,'MACHUPICCHU',81300),(81305,'MARAS',81300),(81306,'OLLANTAYTAMBO',81300),(81307,'YUCAY',81300),(90101,'HUANCAVELICA',90100),(90102,'ACOBAMBILLA',90100),(90103,'ACORIA',90100),(90104,'CONAYCA',90100),(90105,'CUENCA',90100),(90106,'HUACHOCOLPA',90100),(90107,'HUAYLLAHUARA',90100),(90108,'IZCUCHACA',90100),(90109,'LARIA',90100),(90110,'MANTA',90100),(90111,'MARISCAL CACERES',90100),(90112,'MOYA',90100),(90113,'NUEVO OCCORO',90100),(90114,'PALCA',90100),(90115,'PILCHACA',90100),(90116,'VILCA',90100),(90117,'YAULI',90100),(90118,'ASCENSION',90100),(90119,'HUANDO',90100),(90201,'ACOBAMBA',90200),(90202,'ANDABAMBA',90200),(90203,'ANTA',90200),(90204,'CAJA',90200),(90205,'MARCAS',90200),(90206,'PAUCARA',90200),(90207,'POMACOCHA',90200),(90208,'ROSARIO',90200),(90301,'LIRCAY',90300),(90302,'ANCHONGA',90300),(90303,'CALLANMARCA',90300),(90304,'CCOCHACCASA',90300),(90305,'CHINCHO',90300),(90306,'CONGALLA',90300),(90307,'HUANCA-HUANCA',90300),(90308,'HUAYLLAY GRANDE',90300),(90309,'JULCAMARCA',90300),(90310,'SAN ANTONIO DE ANTAPARCO',90300),(90311,'SANTO TOMAS DE PATA',90300),(90312,'SECCLLA',90300),(90401,'CASTROVIRREYNA',90400),(90402,'ARMA',90400),(90403,'AURAHUA',90400),(90404,'CAPILLAS',90400),(90405,'CHUPAMARCA',90400),(90406,'COCAS',90400),(90407,'HUACHOS',90400),(90408,'HUAMATAMBO',90400),(90409,'MOLLEPAMPA',90400),(90410,'SAN JUAN',90400),(90411,'SANTA ANA',90400),(90412,'TANTARA',90400),(90413,'TICRAPO',90400),(90501,'CHURCAMPA',90500),(90502,'ANCO',90500),(90503,'CHINCHIHUASI',90500),(90504,'EL CARMEN',90500),(90505,'LA MERCED',90500),(90506,'LOCROJA',90500),(90507,'PAUCARBAMBA',90500),(90508,'SAN MIGUEL DE MAYOCC',90500),(90509,'SAN PEDRO DE CORIS',90500),(90510,'PACHAMARCA ',90500),(90601,'HUAYTARA',90600),(90602,'AYAVI',90600),(90603,'CORDOVA',90600),(90604,'HUAYACUNDO ARMA',90600),(90605,'LARAMARCA',90600),(90606,'OCOYO',90600),(90607,'PILPICHACA',90600),(90608,'QUERCO',90600),(90609,'QUITO-ARMA',90600),(90610,'SAN ANTONIO DE CUSICANCHA',90600),(90611,'SAN FRANCISCO DE SANGAYAICO',90600),(90612,'SAN ISIDRO',90600),(90613,'SANTIAGO DE CHOCORVOS',90600),(90614,'SANTIAGO DE QUIRAHUARA',90600),(90615,'SANTO DOMINGO DE CAPILLAS',90600),(90616,'TAMBO',90600),(90701,'PAMPAS',90700),(90702,'ACOSTAMBO',90700),(90703,'ACRAQUIA',90700),(90704,'AHUAYCHA',90700),(90705,'COLCABAMBA',90700),(90706,'DANIEL HERNANDEZ',90700),(90707,'HUACHOCOLPA',90700),(90709,'HUARIBAMBA',90700),(90710,'Â¥AHUIMPUQUIO',90700),(90711,'PAZOS',90700),(90713,'QUISHUAR',90700),(90714,'SALCABAMBA',90700),(90715,'SALCAHUASI',90700),(90716,'SAN MARCOS DE ROCCHAC',90700),(90717,'SURCUBAMBA',90700),(90718,'TINTAY PUNCU',90700),(100101,'HUANUCO',100100),(100102,'AMARILIS',100100),(100103,'CHINCHAO',100100),(100104,'CHURUBAMBA',100100),(100105,'MARGOS',100100),(100106,'QUISQUI',100100),(100107,'SAN FRANCISCO DE CAYRAN',100100),(100108,'SAN PEDRO DE CHAULAN',100100),(100109,'SANTA MARIA DEL VALLE',100100),(100110,'YARUMAYO',100100),(100111,'PILLCO MARCA',100100),(100201,'AMBO',100200),(100202,'CAYNA',100200),(100203,'COLPAS',100200),(100204,'CONCHAMARCA',100200),(100205,'HUACAR',100200),(100206,'SAN FRANCISCO',100200),(100207,'SAN RAFAEL',100200),(100208,'TOMAY KICHWA',100200),(100301,'LA UNION',100300),(100307,'CHUQUIS',100300),(100311,'MARIAS',100300),(100313,'PACHAS',100300),(100316,'QUIVILLA',100300),(100317,'RIPAN',100300),(100321,'SHUNQUI',100300),(100322,'SILLAPATA',100300),(100323,'YANAS',100300),(100401,'HUACAYBAMBA',100400),(100402,'CANCHABAMBA',100400),(100403,'COCHABAMBA',100400),(100404,'PINRA',100400),(100501,'LLATA',100500),(100502,'ARANCAY',100500),(100503,'CHAVIN DE PARIARCA',100500),(100504,'JACAS GRANDE',100500),(100505,'JIRCAN',100500),(100506,'MIRAFLORES',100500),(100507,'MONZON',100500),(100508,'PUNCHAO',100500),(100509,'PUÂ¥OS',100500),(100510,'SINGA',100500),(100511,'TANTAMAYO',100500),(100601,'RUPA-RUPA',100600),(100602,'DANIEL ALOMIA ROBLES',100600),(100603,'HERMILIO VALDIZAN',100600),(100604,'JOSE CRESPO Y CASTILLO',100600),(100605,'LUYANDO',100600),(100606,'MARIANO DAMASO BERAUN',100600),(100701,'HUACRACHUCO',100700),(100702,'CHOLON',100700),(100703,'SAN BUENAVENTURA',100700),(100801,'PANAO',100800),(100802,'CHAGLLA',100800),(100803,'MOLINO',100800),(100804,'UMARI  2/',100800),(100901,'PUERTO INCA',100900),(100902,'CODO DEL POZUZO',100900),(100903,'HONORIA',100900),(100904,'TOURNAVISTA',100900),(100905,'YUYAPICHIS',100900),(101001,'JESUS',101000),(101002,'BAÂ¥OS',101000),(101003,'JIVIA',101000),(101004,'QUEROPALCA',101000),(101005,'RONDOS',101000),(101006,'SAN FRANCISCO DE ASIS',101000),(101007,'SAN MIGUEL DE CAURI',101000),(101101,'CHAVINILLO',101100),(101102,'CAHUAC',101100),(101103,'CHACABAMBA',101100),(101104,'APARICIO POMARES',101100),(101105,'JACAS CHICO',101100),(101106,'OBAS',101100),(101107,'PAMPAMARCA',101100),(101108,'CHORAS',101100),(110101,'ICA',110100),(110102,'LA TINGUIÑA',110100),(110103,'LOS AQUIJES',110100),(110104,'OCUCAJE',110100),(110105,'PACHACUTEC',110100),(110106,'PARCONA',110100),(110107,'PUEBLO NUEVO',110100),(110108,'SALAS',110100),(110109,'SAN JOSE DE LOS MOLINOS',110100),(110110,'SAN JUAN BAUTISTA',110100),(110111,'SANTIAGO',110100),(110112,'SUBTANJALLA',110100),(110113,'TATE',110100),(110114,'YAUCA DEL ROSARIO ',110100),(110201,'CHINCHA ALTA',110200),(110202,'ALTO LARAN',110200),(110203,'CHAVIN',110200),(110204,'CHINCHA BAJA',110200),(110205,'EL CARMEN',110200),(110206,'GROCIO PRADO',110200),(110207,'PUEBLO NUEVO',110200),(110208,'SAN JUAN DE YANAC',110200),(110209,'SAN PEDRO DE HUACARPANA',110200),(110210,'SUNAMPE',110200),(110211,'TAMBO DE MORA',110200),(110301,'NAZCA',110300),(110302,'CHANGUILLO',110300),(110303,'EL INGENIO',110300),(110304,'MARCONA',110300),(110305,'VISTA ALEGRE',110300),(110401,'PALPA',110400),(110402,'LLIPATA',110400),(110403,'RIO GRANDE',110400),(110404,'SANTA CRUZ',110400),(110405,'TIBILLO',110400),(110501,'PISCO',110500),(110502,'HUANCANO',110500),(110503,'HUMAY',110500),(110504,'INDEPENDENCIA',110500),(110505,'PARACAS',110500),(110506,'SAN ANDRES',110500),(110507,'SAN CLEMENTE',110500),(110508,'TUPAC AMARU INCA',110500),(120101,'HUANCAYO',120100),(120104,'CARHUACALLANGA',120100),(120105,'CHACAPAMPA',120100),(120106,'CHICCHE',120100),(120107,'CHILCA',120100),(120108,'CHONGOS ALTO',120100),(120111,'CHUPURO',120100),(120112,'COLCA',120100),(120113,'CULLHUAS',120100),(120114,'EL TAMBO',120100),(120116,'HUACRAPUQUIO',120100),(120117,'HUALHUAS',120100),(120119,'HUANCAN',120100),(120120,'HUASICANCHA',120100),(120121,'HUAYUCACHI',120100),(120122,'INGENIO',120100),(120124,'PARIAHUANCA   1/',120100),(120125,'PILCOMAYO',120100),(120126,'PUCARA',120100),(120127,'QUICHUAY',120100),(120128,'QUILCAS',120100),(120129,'SAN AGUSTIN',120100),(120130,'SAN JERONIMO DE TUNAN',120100),(120132,'SAÂ¥O',120100),(120133,'SAPALLANGA',120100),(120134,'SICAYA',120100),(120135,'SANTO DOMINGO DE ACOBAMBA',120100),(120136,'VIQUES',120100),(120201,'CONCEPCION',120200),(120202,'ACO',120200),(120203,'ANDAMARCA',120200),(120204,'CHAMBARA',120200),(120205,'COCHAS',120200),(120206,'COMAS',120200),(120207,'HEROINAS TOLEDO',120200),(120208,'MANZANARES',120200),(120209,'MARISCAL CASTILLA',120200),(120210,'MATAHUASI',120200),(120211,'MITO',120200),(120212,'NUEVE DE JULIO',120200),(120213,'ORCOTUNA',120200),(120214,'SAN JOSE DE QUERO',120200),(120215,'SANTA ROSA DE OCOPA',120200),(120301,'CHANCHAMAYO',120300),(120302,'PERENE',120300),(120303,'PICHANAQUI',120300),(120304,'SAN LUIS DE SHUARO',120300),(120305,'SAN RAMON',120300),(120306,'VITOC',120300),(120401,'JAUJA',120400),(120402,'ACOLLA',120400),(120403,'APATA',120400),(120404,'ATAURA',120400),(120405,'CANCHAYLLO',120400),(120406,'CURICACA',120400),(120407,'EL MANTARO',120400),(120408,'HUAMALI',120400),(120409,'HUARIPAMPA',120400),(120410,'HUERTAS',120400),(120411,'JANJAILLO',120400),(120412,'JULCAN',120400),(120413,'LEONOR ORDOÂ¥EZ',120400),(120414,'LLOCLLAPAMPA',120400),(120415,'MARCO',120400),(120416,'MASMA',120400),(120417,'MASMA CHICCHE',120400),(120418,'MOLINOS',120400),(120419,'MONOBAMBA',120400),(120420,'MUQUI',120400),(120421,'MUQUIYAUYO',120400),(120422,'PACA',120400),(120423,'PACCHA',120400),(120424,'PANCAN',120400),(120425,'PARCO',120400),(120426,'POMACANCHA',120400),(120427,'RICRAN',120400),(120428,'SAN LORENZO',120400),(120429,'SAN PEDRO DE CHUNAN',120400),(120430,'SAUSA',120400),(120431,'SINCOS',120400),(120432,'TUNAN MARCA',120400),(120433,'YAULI',120400),(120434,'YAUYOS',120400),(120501,'JUNIN',120500),(120502,'CARHUAMAYO',120500),(120503,'ONDORES',120500),(120504,'ULCUMAYO',120500),(120601,'SATIPO',120600),(120602,'COVIRIALI',120600),(120603,'LLAYLLA',120600),(120604,'MAZAMARI',120600),(120605,'PAMPA HERMOSA',120600),(120606,'PANGOA',120600),(120607,'RIO NEGRO',120600),(120608,'RIO TAMBO',120600),(120701,'TARMA',120700),(120702,'ACOBAMBA',120700),(120703,'HUARICOLCA',120700),(120704,'HUASAHUASI',120700),(120705,'LA UNION',120700),(120706,'PALCA',120700),(120707,'PALCAMAYO',120700),(120708,'SAN PEDRO DE CAJAS',120700),(120709,'TAPO',120700),(120801,'LA OROYA',120800),(120802,'CHACAPALPA',120800),(120803,'HUAY-HUAY',120800),(120804,'MARCAPOMACOCHA',120800),(120805,'MOROCOCHA',120800),(120806,'PACCHA',120800),(120807,'SANTA BARBARA DE CARHUACAYAN',120800),(120808,'SANTA ROSA DE SACCO',120800),(120809,'SUITUCANCHA',120800),(120810,'YAULI',120800),(120901,'CHUPACA',120900),(120902,'AHUAC',120900),(120903,'CHONGOS BAJO',120900),(120904,'HUACHAC',120900),(120905,'HUAMANCACA CHICO',120900),(120906,'SAN JUAN DE ISCOS',120900),(120907,'SAN JUAN DE JARPA',120900),(120908,'TRES DE DICIEMBRE',120900),(120909,'YANACANCHA',120900),(130101,'TRUJILLO',130100),(130102,'EL PORVENIR',130100),(130103,'FLORENCIA DE MORA',130100),(130104,'HUANCHACO',130100),(130105,'LA ESPERANZA',130100),(130106,'LAREDO',130100),(130107,'MOCHE',130100),(130108,'POROTO',130100),(130109,'SALAVERRY',130100),(130110,'SIMBAL',130100),(130111,'VICTOR LARCO HERRERA',130100),(130201,'ASCOPE',130200),(130202,'CHICAMA',130200),(130203,'CHOCOPE',130200),(130204,'MAGDALENA DE CAO',130200),(130205,'PAIJAN',130200),(130206,'RAZURI',130200),(130207,'SANTIAGO DE CAO',130200),(130208,'CASA GRANDE',130200),(130301,'BOLIVAR',130300),(130302,'BAMBAMARCA',130300),(130303,'CONDORMARCA',130300),(130304,'LONGOTEA',130300),(130305,'UCHUMARCA',130300),(130306,'UCUNCHA',130300),(130401,'CHEPEN',130400),(130402,'PACANGA',130400),(130403,'PUEBLO NUEVO',130400),(130501,'JULCAN',130500),(130502,'CALAMARCA',130500),(130503,'CARABAMBA',130500),(130504,'HUASO',130500),(130601,'OTUZCO',130600),(130602,'AGALLPAMPA',130600),(130604,'CHARAT',130600),(130605,'HUARANCHAL',130600),(130606,'LA CUESTA',130600),(130608,'MACHE',130600),(130610,'PARANDAY',130600),(130611,'SALPO',130600),(130613,'SINSICAP',130600),(130614,'USQUIL',130600),(130701,'SAN PEDRO DE LLOC',130700),(130702,'GUADALUPE',130700),(130703,'JEQUETEPEQUE',130700),(130704,'PACASMAYO',130700),(130705,'SAN JOSE',130700),(130801,'TAYABAMBA',130800),(130802,'BULDIBUYO',130800),(130803,'CHILLIA',130800),(130804,'HUANCASPATA',130800),(130805,'HUAYLILLAS',130800),(130806,'HUAYO',130800),(130807,'ONGON',130800),(130808,'PARCOY',130800),(130809,'PATAZ',130800),(130810,'PIAS',130800),(130811,'SANTIAGO DE CHALLAS',130800),(130812,'TAURIJA',130800),(130813,'URPAY',130800),(130901,'HUAMACHUCO',130900),(130902,'CHUGAY',130900),(130903,'COCHORCO',130900),(130904,'CURGOS',130900),(130905,'MARCABAL',130900),(130906,'SANAGORAN',130900),(130907,'SARIN',130900),(130908,'SARTIMBAMBA',130900),(131001,'SANTIAGO DE CHUCO',131000),(131002,'ANGASMARCA',131000),(131003,'CACHICADAN',131000),(131004,'MOLLEBAMBA',131000),(131005,'MOLLEPATA',131000),(131006,'QUIRUVILCA',131000),(131007,'SANTA CRUZ DE CHUCA',131000),(131008,'SITABAMBA',131000),(131101,'CASCAS',131100),(131102,'LUCMA',131100),(131103,'MARMOT  1/',131100),(131104,'SAYAPULLO',131100),(131201,'VIRU',131200),(131202,'CHAO',131200),(131203,'GUADALUPITO',131200),(140101,'CHICLAYO',140100),(140102,'CHONGOYAPE',140100),(140103,'ETEN',140100),(140104,'ETEN PUERTO',140100),(140105,'JOSE LEONARDO ORTIZ',140100),(140106,'LA VICTORIA',140100),(140107,'LAGUNAS   ',140100),(140108,'MONSEFU',140100),(140109,'NUEVA ARICA',140100),(140110,'OYOTUN',140100),(140111,'PICSI',140100),(140112,'PIMENTEL',140100),(140113,'REQUE',140100),(140114,'SANTA ROSA',140100),(140115,'SAÂ¥A',140100),(140116,'CAYALTI',140100),(140117,'PATAPO',140100),(140118,'POMALCA',140100),(140119,'PUCALA',140100),(140120,'TUMAN',140100),(140201,'FERREÂ¥AFE',140200),(140202,'CAÂ¥ARIS',140200),(140203,'INCAHUASI',140200),(140204,'MANUEL ANTONIO MESONES MURO',140200),(140205,'PITIPO',140200),(140206,'PUEBLO NUEVO',140200),(140301,'LAMBAYEQUE',140300),(140302,'CHOCHOPE',140300),(140303,'ILLIMO',140300),(140304,'JAYANCA',140300),(140305,'MOCHUMI',140300),(140306,'MORROPE',140300),(140307,'MOTUPE',140300),(140308,'OLMOS',140300),(140309,'PACORA',140300),(140310,'SALAS',140300),(140311,'SAN JOSE',140300),(140312,'TUCUME',140300),(150101,'LIMA',150100),(150102,'ANCON',150100),(150103,'ATE',150100),(150104,'BARRANCO',150100),(150105,'BREÑA',150100),(150106,'CARABAYLLO',150100),(150107,'CHACLACAYO',150100),(150108,'CHORRILLOS',150100),(150109,'CIENEGUILLA',150100),(150110,'COMAS',150100),(150111,'EL AGUSTINO',150100),(150112,'INDEPENDENCIA',150100),(150113,'JESUS MARIA',150100),(150114,'LA MOLINA',150100),(150115,'LA VICTORIA',150100),(150116,'LINCE',150100),(150117,'LOS OLIVOS',150100),(150118,'LURIGANCHO',150100),(150119,'LURIN',150100),(150120,'MAGDALENA DEL MAR',150100),(150121,'MAGDALENA VIEJA',150100),(150122,'MIRAFLORES',150100),(150123,'PACHACAMAC',150100),(150124,'PUCUSANA',150100),(150125,'PUENTE PIEDRA',150100),(150126,'PUNTA HERMOSA',150100),(150127,'PUNTA NEGRA',150100),(150128,'RIMAC',150100),(150129,'SAN BARTOLO',150100),(150130,'SAN BORJA',150100),(150131,'SAN ISIDRO',150100),(150132,'SAN JUAN DE LURIGANCHO',150100),(150133,'SAN JUAN DE MIRAFLORES',150100),(150134,'SAN LUIS',150100),(150135,'SAN MARTIN DE PORRES',150100),(150136,'SAN MIGUEL',150100),(150137,'SANTA ANITA',150100),(150138,'SANTA MARIA DEL MAR',150100),(150139,'SANTA ROSA',150100),(150140,'SANTIAGO DE SURCO',150100),(150141,'SURQUILLO',150100),(150142,'VILLA EL SALVADOR',150100),(150143,'VILLA MARIA DEL TRIUNFO',150100),(150201,'BARRANCA',150200),(150202,'PARAMONGA',150200),(150203,'PATIVILCA',150200),(150204,'SUPE',150200),(150205,'SUPE PUERTO',150200),(150301,'CAJATAMBO',150300),(150302,'COPA',150300),(150303,'GORGOR',150300),(150304,'HUANCAPON',150300),(150305,'MANAS',150300),(150401,'CANTA',150400),(150402,'ARAHUAY',150400),(150403,'HUAMANTANGA',150400),(150404,'HUAROS',150400),(150405,'LACHAQUI',150400),(150406,'SAN BUENAVENTURA',150400),(150407,'SANTA ROSA DE QUIVES',150400),(150501,'SAN VICENTE DE CAÂ¥ETE',150500),(150502,'ASIA',150500),(150503,'CALANGO',150500),(150504,'CERRO AZUL',150500),(150505,'CHILCA',150500),(150506,'COAYLLO',150500),(150507,'IMPERIAL',150500),(150508,'LUNAHUANA',150500),(150509,'MALA',150500),(150510,'NUEVO IMPERIAL',150500),(150511,'PACARAN',150500),(150512,'QUILMANA',150500),(150513,'SAN ANTONIO',150500),(150514,'SAN LUIS',150500),(150515,'SANTA CRUZ DE FLORES',150500),(150516,'ZUÂ¥IGA',150500),(150601,'HUARAL',150600),(150602,'ATAVILLOS ALTO',150600),(150603,'ATAVILLOS BAJO',150600),(150604,'AUCALLAMA',150600),(150605,'CHANCAY',150600),(150606,'IHUARI',150600),(150607,'LAMPIAN',150600),(150608,'PACARAOS',150600),(150609,'SAN MIGUEL DE ACOS',150600),(150610,'SANTA CRUZ DE ANDAMARCA',150600),(150611,'SUMBILCA',150600),(150612,'VEINTISIETE DE NOVIEMBRE',150600),(150701,'MATUCANA',150700),(150702,'ANTIOQUIA',150700),(150703,'CALLAHUANCA',150700),(150704,'CARAMPOMA',150700),(150705,'CHICLA',150700),(150706,'CUENCA',150700),(150707,'HUACHUPAMPA',150700),(150708,'HUANZA',150700),(150709,'HUAROCHIRI',150700),(150710,'LAHUAYTAMBO',150700),(150711,'LANGA',150700),(150712,'LARAOS',150700),(150713,'MARIATANA',150700),(150714,'RICARDO PALMA',150700),(150715,'SAN ANDRES DE TUPICOCHA',150700),(150716,'SAN ANTONIO',150700),(150717,'SAN BARTOLOME',150700),(150718,'SAN DAMIAN',150700),(150719,'SAN JUAN DE IRIS',150700),(150720,'SAN JUAN DE TANTARANCHE',150700),(150721,'SAN LORENZO DE QUINTI',150700),(150722,'SAN MATEO',150700),(150723,'SAN MATEO DE OTAO',150700),(150724,'SAN PEDRO DE CASTA',150700),(150725,'SAN PEDRO DE HUANCAYRE',150700),(150726,'SANGALLAYA',150700),(150727,'SANTA CRUZ DE COCACHACRA',150700),(150728,'SANTA EULALIA',150700),(150729,'SANTIAGO DE ANCHUCAYA',150700),(150730,'SANTIAGO DE TUNA',150700),(150731,'SANTO DOMINGO DE LOS OLLEROS',150700),(150732,'SURCO',150700),(150801,'HUACHO',150800),(150802,'AMBAR',150800),(150803,'CALETA DE CARQUIN',150800),(150804,'CHECRAS',150800),(150805,'HUALMAY',150800),(150806,'HUAURA',150800),(150807,'LEONCIO PRADO',150800),(150808,'PACCHO',150800),(150809,'SANTA LEONOR',150800),(150810,'SANTA MARIA',150800),(150811,'SAYAN',150800),(150812,'VEGUETA',150800),(150901,'OYON',150900),(150902,'ANDAJES',150900),(150903,'CAUJUL',150900),(150904,'COCHAMARCA',150900),(150905,'NAVAN',150900),(150906,'PACHANGARA',150900),(151001,'YAUYOS',151000),(151002,'ALIS',151000),(151003,'AYAUCA',151000),(151004,'AYAVIRI',151000),(151005,'AZANGARO',151000),(151006,'CACRA',151000),(151007,'CARANIA',151000),(151008,'CATAHUASI',151000),(151009,'CHOCOS',151000),(151010,'COCHAS',151000),(151011,'COLONIA',151000),(151012,'HONGOS',151000),(151013,'HUAMPARA',151000),(151014,'HUANCAYA',151000),(151015,'HUANGASCAR',151000),(151016,'HUANTAN',151000),(151017,'HUAÂ¥EC',151000),(151018,'LARAOS',151000),(151019,'LINCHA',151000),(151020,'MADEAN',151000),(151021,'MIRAFLORES',151000),(151022,'OMAS',151000),(151023,'PUTINZA',151000),(151024,'QUINCHES',151000),(151025,'QUINOCAY',151000),(151026,'SAN JOAQUIN',151000),(151027,'SAN PEDRO DE PILAS',151000),(151028,'TANTA',151000),(151029,'TAURIPAMPA',151000),(151030,'TOMAS',151000),(151031,'TUPE',151000),(151032,'VIÂ¥AC',151000),(151033,'VITIS',151000),(160101,'IQUITOS',160100),(160102,'ALTO NANAY',160100),(160103,'FERNANDO LORES',160100),(160104,'INDIANA',160100),(160105,'LAS AMAZONAS',160100),(160106,'MAZAN',160100),(160107,'NAPO',160100),(160108,'PUNCHANA',160100),(160109,'PUTUMAYO    ',160100),(160110,'TORRES CAUSANA',160100),(160111,'YAQUERANA    ',160500),(160112,'BELEN',160100),(160113,'SAN JUAN BAUTISTA',160100),(160201,'YURIMAGUAS',160200),(160202,'BALSAPUERTO',160200),(160203,'BARRANCA',160200),(160204,'CAHUAPANAS',160200),(160205,'JEBEROS',160200),(160206,'LAGUNAS',160200),(160207,'MANSERICHE',160200),(160208,'MORONA',160200),(160209,'PASTAZA',160200),(160210,'SANTA CRUZ',160200),(160211,'TENIENTE CESAR LOPEZ ROJAS',160200),(160301,'NAUTA',160300),(160302,'PARINARI   1/',160300),(160303,'TIGRE',160300),(160304,'TROMPETEROS',160300),(160305,'URARINAS    2/',160300),(160401,'RAMON CASTILLA',160400),(160402,'PEBAS',160400),(160403,'YAVARI',160400),(160404,'SAN PABLO',160400),(160501,'REQUENA',160500),(160502,'ALTO TAPICHE',160500),(160503,'CAPELO',160500),(160504,'EMILIO SAN MARTIN',160500),(160505,'MAQUIA',160500),(160506,'PUINAHUA',160500),(160507,'SAQUENA',160500),(160508,'SOPLIN    3/',160500),(160509,'TAPICHE',160500),(160510,'JENARO HERRERA',160500),(160601,'CONTAMANA',160600),(160602,'INAHUAYA',160600),(160603,'PADRE MARQUEZ',160600),(160604,'PAMPA HERMOSA',160600),(160605,'SARAYACU',160600),(160606,'VARGAS GUERRA',160600),(170101,'TAMBOPATA',170100),(170102,'INAMBARI    1/',170100),(170103,'LAS PIEDRAS   2/',170100),(170104,'LABERINTO',170100),(170201,'MANU    ',170200),(170202,'FITZCARRALD    ',170200),(170203,'MADRE DE DIOS    ',170200),(170204,'HUEPETUHE',170200),(170301,'IÂ¥APARI',170300),(170302,'IBERIA',170300),(170303,'TAHUAMANU',170300),(180101,'MOQUEGUA',180100),(180102,'CARUMAS',180100),(180103,'CUCHUMBAYA',180100),(180104,'SAMEGUA',180100),(180105,'SAN CRISTOBAL',180100),(180106,'TORATA',180100),(180201,'OMATE',180200),(180202,'CHOJATA',180200),(180203,'COALAQUE',180200),(180204,'ICHUÂ¥A',180200),(180205,'LA CAPILLA',180200),(180206,'LLOQUE',180200),(180207,'MATALAQUE',180200),(180208,'PUQUINA',180200),(180209,'QUINISTAQUILLAS',180200),(180210,'UBINAS',180200),(180211,'YUNGA',180200),(180301,'ILO',180300),(180302,'EL ALGARROBAL',180300),(180303,'PACOCHA',180300),(190101,'CHAUPIMARCA',190100),(190102,'HUACHON',190100),(190103,'HUARIACA',190100),(190104,'HUAYLLAY',190100),(190105,'NINACACA',190100),(190106,'PALLANCHACRA',190100),(190107,'PAUCARTAMBO',190100),(190108,'SAN FCO.DE ASIS DE YARUSYACAN',190100),(190109,'SIMON BOLIVAR',190100),(190110,'TICLACAYAN',190100),(190111,'TINYAHUARCO',190100),(190112,'VICCO',190100),(190113,'YANACANCHA',190100),(190201,'YANAHUANCA',190200),(190202,'CHACAYAN',190200),(190203,'GOYLLARISQUIZGA',190200),(190204,'PAUCAR',190200),(190205,'SAN PEDRO DE PILLAO',190200),(190206,'SANTA ANA DE TUSI',190200),(190207,'TAPUC',190200),(190208,'VILCABAMBA',190200),(190301,'OXAPAMPA',190300),(190302,'CHONTABAMBA',190300),(190303,'HUANCABAMBA',190300),(190304,'PALCAZU',190300),(190305,'POZUZO',190300),(190306,'PUERTO BERMUDEZ',190300),(190307,'VILLA RICA',190300),(200101,'PIURA',200100),(200104,'CASTILLA',200100),(200105,'CATACAOS',200100),(200107,'CURA MORI',200100),(200108,'EL TALLAN',200100),(200109,'LA ARENA',200100),(200110,'LA UNION',200100),(200111,'LAS LOMAS',200100),(200114,'TAMBO GRANDE',200100),(200201,'AYABACA',200200),(200202,'FRIAS',200200),(200203,'JILILI',200200),(200204,'LAGUNAS',200200),(200205,'MONTERO',200200),(200206,'PACAIPAMPA',200200),(200207,'PAIMAS',200200),(200208,'SAPILLICA',200200),(200209,'SICCHEZ',200200),(200210,'SUYO',200200),(200301,'HUANCABAMBA',200300),(200302,'CANCHAQUE',200300),(200303,'EL CARMEN DE LA FRONTERA',200300),(200304,'HUARMACA',200300),(200305,'LALAQUIZ',200300),(200306,'SAN MIGUEL DE EL FAIQUE',200300),(200307,'SONDOR',200300),(200308,'SONDORILLO',200300),(200401,'CHULUCANAS',200400),(200402,'BUENOS AIRES',200400),(200403,'CHALACO',200400),(200404,'LA MATANZA',200400),(200405,'MORROPON',200400),(200406,'SALITRAL',200400),(200407,'SAN JUAN DE BIGOTE',200400),(200408,'SANTA CATALINA DE MOSSA',200400),(200409,'SANTO DOMINGO',200400),(200410,'YAMANGO',200400),(200501,'PAITA',200500),(200502,'AMOTAPE',200500),(200503,'ARENAL',200500),(200504,'COLAN',200500),(200505,'LA HUACA',200500),(200506,'TAMARINDO',200500),(200507,'VICHAYAL',200500),(200601,'SULLANA',200600),(200602,'BELLAVISTA                           1',200600),(200603,'IGNACIO ESCUDERO',200600),(200604,'LANCONES',200600),(200605,'MARCAVELICA',200600),(200606,'MIGUEL CHECA',200600),(200607,'QUERECOTILLO',200600),(200608,'SALITRAL',200600),(200701,'PARIÂ¥AS',200700),(200702,'EL ALTO',200700),(200703,'LA BREA',200700),(200704,'LOBITOS',200700),(200705,'LOS ORGANOS',200700),(200706,'MANCORA',200700),(200801,'SECHURA',200800),(200802,'BELLAVISTA DE LA UNION',200800),(200803,'BERNAL',200800),(200804,'CRISTO NOS VALGA',200800),(200805,'VICE',200800),(200806,'RINCONADA LLICUAR',200800),(210101,'PUNO',210100),(210102,'ACORA',210100),(210103,'AMANTANI',210100),(210104,'ATUNCOLLA',210100),(210105,'CAPACHICA',210100),(210106,'CHUCUITO',210100),(210107,'COATA',210100),(210108,'HUATA',210100),(210109,'MAÂ¥AZO',210100),(210110,'PAUCARCOLLA',210100),(210111,'PICHACANI',210100),(210112,'PLATERIA',210100),(210113,'SAN ANTONIO',210100),(210114,'TIQUILLACA',210100),(210115,'VILQUE',210100),(210201,'AZANGARO',210200),(210202,'ACHAYA',210200),(210203,'ARAPA',210200),(210204,'ASILLO',210200),(210205,'CAMINACA',210200),(210206,'CHUPA',210200),(210207,'JOSE DOMINGO CHOQUEHUANCA',210200),(210208,'MUÂ¥ANI',210200),(210209,'POTONI',210200),(210210,'SAMAN',210200),(210211,'SAN ANTON',210200),(210212,'SAN JOSE',210200),(210213,'SAN JUAN DE SALINAS',210200),(210214,'SANTIAGO DE PUPUJA',210200),(210215,'TIRAPATA',210200),(210301,'MACUSANI',210300),(210302,'AJOYANI',210300),(210303,'AYAPATA',210300),(210304,'COASA',210300),(210305,'CORANI',210300),(210306,'CRUCERO',210300),(210307,'ITUATA   1/',210300),(210308,'OLLACHEA',210300),(210309,'SAN GABAN',210300),(210310,'USICAYOS',210300),(210401,'JULI',210400),(210402,'DESAGUADERO',210400),(210403,'HUACULLANI',210400),(210404,'KELLUYO',210400),(210405,'PISACOMA',210400),(210406,'POMATA',210400),(210407,'ZEPITA',210400),(210501,'ILAVE',210500),(210502,'CAPAZO',210500),(210503,'PILCUYO',210500),(210504,'SANTA ROSA',210500),(210505,'CONDURIRI',210500),(210601,'HUANCANE',210600),(210602,'COJATA',210600),(210603,'HUATASANI',210600),(210604,'INCHUPALLA',210600),(210605,'PUSI',210600),(210606,'ROSASPATA',210600),(210607,'TARACO',210600),(210608,'VILQUE CHICO',210600),(210701,'LAMPA',210700),(210702,'CABANILLA',210700),(210703,'CALAPUJA',210700),(210704,'NICASIO',210700),(210705,'OCUVIRI',210700),(210706,'PALCA',210700),(210707,'PARATIA',210700),(210708,'PUCARA',210700),(210709,'SANTA LUCIA',210700),(210710,'VILAVILA',210700),(210801,'AYAVIRI',210800),(210802,'ANTAUTA',210800),(210803,'CUPI',210800),(210804,'LLALLI',210800),(210805,'MACARI',210800),(210806,'NUÂ¥OA',210800),(210807,'ORURILLO',210800),(210808,'SANTA ROSA',210800),(210809,'UMACHIRI',210800),(210901,'MOHO',210900),(210902,'CONIMA',210900),(210903,'HUAYRAPATA',210900),(210904,'TILALI',210900),(211001,'PUTINA',211000),(211002,'ANANEA',211000),(211003,'PEDRO VILCA APAZA',211000),(211004,'QUILCAPUNCU',211000),(211005,'SINA',211000),(211101,'JULIACA',211100),(211102,'CABANA',211100),(211103,'CABANILLAS',211100),(211104,'CARACOTO',211100),(211201,'SANDIA',211200),(211202,'CUYOCUYO',211200),(211203,'LIMBANI',211200),(211204,'PATAMBUCO',211200),(211205,'PHARA',211200),(211206,'QUIACA',211200),(211207,'SAN JUAN DEL ORO',211200),(211208,'YANAHUAYA',211200),(211209,'ALTO INAMBARI',211200),(211301,'YUNGUYO',211300),(211302,'ANAPIA',211300),(211303,'COPANI',211300),(211304,'CUTURAPI',211300),(211305,'OLLARAYA',211300),(211306,'TINICACHI',211300),(211307,'UNICACHI',211300),(220101,'MOYOBAMBA',220100),(220102,'CALZADA',220100),(220103,'HABANA',220100),(220104,'JEPELACIO',220100),(220105,'SORITOR',220100),(220106,'YANTALO',220100),(220201,'BELLAVISTA2',220200),(220202,'ALTO BIAVO',220200),(220203,'BAJO BIAVO',220200),(220204,'HUALLAGA',220200),(220205,'SAN PABLO',220200),(220206,'SAN RAFAEL',220200),(220301,'SAN JOSE DE SISA',220300),(220302,'AGUA BLANCA',220300),(220303,'SAN MARTIN',220300),(220304,'SANTA ROSA',220300),(220305,'SHATOJA',220300),(220401,'SAPOSOA',220400),(220402,'ALTO SAPOSOA',220400),(220403,'EL ESLABON',220400),(220404,'PISCOYACU',220400),(220405,'SACANCHE',220400),(220406,'TINGO DE SAPOSOA',220400),(220501,'LAMAS',220500),(220502,'ALONSO DE ALVARADO',220500),(220503,'BARRANQUITA',220500),(220504,'CAYNARACHI   1/',220500),(220505,'CUÂ¥UMBUQUI',220500),(220506,'PINTO RECODO',220500),(220507,'RUMISAPA',220500),(220508,'SAN ROQUE DE CUMBAZA',220500),(220509,'SHANAO',220500),(220510,'TABALOSOS',220500),(220511,'ZAPATERO',220500),(220601,'JUANJUI',220600),(220602,'CAMPANILLA',220600),(220603,'HUICUNGO',220600),(220604,'PACHIZA',220600),(220605,'PAJARILLO',220600),(220701,'PICOTA',220700),(220702,'BUENOS AIRES',220700),(220703,'CASPISAPA',220700),(220704,'PILLUANA',220700),(220705,'PUCACACA',220700),(220706,'SAN CRISTOBAL',220700),(220707,'SAN HILARION',220700),(220708,'SHAMBOYACU',220700),(220709,'TINGO DE PONASA',220700),(220710,'TRES UNIDOS',220700),(220801,'RIOJA',220800),(220802,'AWAJUN',220800),(220803,'ELIAS SOPLIN VARGAS',220800),(220804,'NUEVA CAJAMARCA',220800),(220805,'PARDO MIGUEL',220800),(220806,'POSIC',220800),(220807,'SAN FERNANDO',220800),(220808,'YORONGOS',220800),(220809,'YURACYACU',220800),(220901,'TARAPOTO',220900),(220902,'ALBERTO LEVEAU',220900),(220903,'CACATACHI',220900),(220904,'CHAZUTA',220900),(220905,'CHIPURANA',220900),(220906,'EL PORVENIR',220900),(220907,'HUIMBAYOC',220900),(220908,'JUAN GUERRA',220900),(220909,'LA BANDA DE SHILCAYO',220900),(220910,'MORALES',220900),(220911,'PAPAPLAYA',220900),(220912,'SAN ANTONIO',220900),(220913,'SAUCE',220900),(220914,'SHAPAJA',220900),(221001,'TOCACHE',221000),(221002,'NUEVO PROGRESO',221000),(221003,'POLVORA',221000),(221004,'SHUNTE',221000),(221005,'UCHIZA',221000),(230101,'TACNA',230100),(230102,'ALTO DE LA ALIANZA',230100),(230103,'CALANA',230100),(230104,'CIUDAD NUEVA',230100),(230105,'INCLAN',230100),(230106,'PACHIA',230100),(230107,'PALCA',230100),(230108,'POCOLLAY',230100),(230109,'SAMA',230100),(230110,'CORONEL GREGORIO ALBARRACIN LANCHIPA',230100),(230201,'CANDARAVE',230200),(230202,'CAIRANI',230200),(230203,'CAMILACA',230200),(230204,'CURIBAYA',230200),(230205,'HUANUARA',230200),(230206,'QUILAHUANI',230200),(230301,'LOCUMBA',230300),(230302,'ILABAYA',230300),(230303,'ITE',230300),(230401,'TARATA',230400),(230402,'CHUCATAMANI',230400),(230403,'ESTIQUE',230400),(230404,'ESTIQUE-PAMPA',230400),(230405,'SITAJARA',230400),(230406,'SUSAPAYA',230400),(230407,'TARUCACHI',230400),(230408,'TICACO',230400),(240101,'TUMBES',240100),(240102,'CORRALES',240100),(240103,'LA CRUZ',240100),(240104,'PAMPAS DE HOSPITAL',240100),(240105,'SAN JACINTO',240100),(240106,'SAN JUAN DE LA VIRGEN',240100),(240201,'ZORRITOS',240200),(240202,'CASITAS',240200),(240301,'ZARUMILLA',240300),(240302,'AGUAS VERDES',240300),(240303,'MATAPALO',240300),(240304,'PAPAYAL',240300),(250101,'CALLARIA',250100),(250102,'CAMPOVERDE',250100),(250103,'IPARIA',250100),(250104,'MASISEA',250100),(250105,'YARINACOCHA',250100),(250106,'NUEVA REQUENA',250100),(250201,'RAYMONDI',250200),(250202,'SEPAHUA',250200),(250203,'TAHUANIA',250200),(250204,'YURUA',250200),(250301,'PADRE ABAD',250300),(250302,'IRAZOLA',250300),(250303,'CURIMANA',250300),(250401,'PURUS',250400),(250402,'Distrito no Registrado',250402);
/*!40000 ALTER TABLE `distritos` ENABLE KEYS */;

--
-- Table structure for table `permiso`
--

DROP TABLE IF EXISTS `permiso`;
/*!40101 SET @saved_cs_client     = @@character_set_client */;
/*!40101 SET character_set_client = utf8 */;
CREATE TABLE `permiso` (
  `idpermiso` int(11) NOT NULL AUTO_INCREMENT,
  `nombre` varchar(45) COLLATE utf8_spanish_ci NOT NULL,
  PRIMARY KEY (`idpermiso`)
) ENGINE=InnoDB AUTO_INCREMENT=4 DEFAULT CHARSET=utf8 COLLATE=utf8_spanish_ci;
/*!40101 SET character_set_client = @saved_cs_client */;

--
-- Dumping data for table `permiso`
--

/*!40000 ALTER TABLE `permiso` DISABLE KEYS */;
INSERT INTO `permiso` VALUES (1,'Personal Comisaria'),(2,'Registro de Denuncias'),(3,'Usuarios');
/*!40000 ALTER TABLE `permiso` ENABLE KEYS */;

--
-- Table structure for table `provincias`
--

DROP TABLE IF EXISTS `provincias`;
/*!40101 SET @saved_cs_client     = @@character_set_client */;
/*!40101 SET character_set_client = utf8 */;
CREATE TABLE `provincias` (
  `idprovincias` int(11) NOT NULL AUTO_INCREMENT,
  `nombre` varchar(120) COLLATE utf8_spanish2_ci NOT NULL,
  `iddepartamentos` int(11) NOT NULL,
  PRIMARY KEY (`idprovincias`)
) ENGINE=InnoDB AUTO_INCREMENT=250402 DEFAULT CHARSET=utf8 COLLATE=utf8_spanish2_ci;
/*!40101 SET character_set_client = @saved_cs_client */;

--
-- Dumping data for table `provincias`
--

/*!40000 ALTER TABLE `provincias` DISABLE KEYS */;
INSERT INTO `provincias` VALUES (10100,'CHACHAPOYAS',1),(10200,'BAGUA',1),(10300,'BONGARA',1),(10400,'CONDORCANQUI',1),(10500,'LUYA',1),(10600,'RODRIGUEZ DE MENDOZA',1),(10700,'UTCUBAMBA',1),(20100,'HUARAZ',2),(20200,'AIJA',2),(20300,'LLAMELLIN',2),(20400,'CHACAS',2),(20500,'CHIQUIAN',2),(20600,'CARHUAZ',2),(20700,'SAN LUIS',2),(20800,'CASMA',2),(20900,'CORONGO',2),(21000,'HUARI',2),(21100,'HUARMEY',2),(21200,'CARAZ',2),(21300,'PISCOBAMBA',2),(21400,'OCROS',2),(21500,'CABANA',2),(21600,'POMABAMBA',2),(21700,'RECUAY',2),(21800,'CHIMBOTE',2),(21900,'SIHUAS',2),(22000,'YUNGAY',2),(30100,'ABANCAY',3),(30200,'ANDAHUAYLAS',3),(30300,'ANTABAMBA',3),(30400,'AYMARAES',3),(30500,'COTABAMBAS',3),(30600,'CHINCHEROS',3),(30700,'GRAU',3),(40100,'AREQUIPA',4),(40200,'CAMANA',4),(40300,'CARAVELI',4),(40400,'CASTILLA',4),(40500,'CAYLLOMA',4),(40600,'CONDESUYOS',4),(40700,'ISLAY',4),(40800,'LA UNION',4),(50100,'HUAMANGA',5),(50200,'CANGALLO',5),(50300,'HUANCA SANCOS',5),(50400,'HUANTA',5),(50500,'LA MAR',5),(50600,'LUCANAS',5),(50700,'PARINACOCHAS',5),(50800,'PAUCAR DEL SARA SARA',5),(50900,'SUCRE',5),(51000,'VICTOR FAJARDO',5),(51100,'VILCAS HUAMAN',5),(60100,'CAJAMARCA',6),(60200,'CAJABAMBA',6),(60300,'CELENDIN',6),(60400,'CHOTA',6),(60500,'CONTUMAZA',6),(60600,'CUTERVO',6),(60700,'HUALGAYOC',6),(60800,'JAEN',6),(60900,'SAN IGNACIO',6),(61000,'SAN MARCOS',6),(61100,'SAN MIGUEL',6),(61200,'SAN PABLO',6),(61300,'SANTA CRUZ',6),(70000,'CALLAO',7),(80100,'CUSCO',8),(80200,'ACOMAYO',8),(80300,'ANTA',8),(80400,'CALCA',8),(80500,'CANAS',8),(80600,'CANCHIS',8),(80700,'CHUMBIVILCAS',8),(80800,'ESPINAR',8),(80900,'LA CONVENCION',8),(81000,'PARURO',8),(81100,'PAUCARTAMBO',8),(81200,'QUISPICANCHI',8),(81300,'URUBAMBA',8),(90100,'HUANCAVELICA',9),(90200,'ACOBAMBA',9),(90300,'ANGARAES',9),(90400,'CASTROVIRREYNA',9),(90500,'CHURCAMPA',9),(90600,'HUAYTARA',9),(90700,'TAYACAJA',9),(100100,'HUANUCO',10),(100200,'AMBO',10),(100300,'DOS DE MAYO',10),(100400,'HUACAYBAMBA',10),(100500,'HUAMALIES',10),(100600,'LEONCIO PRADO',10),(100700,'MARA??ON',10),(100800,'PACHITEA',10),(100900,'PUERTO INCA',10),(101000,'LAURICOCHA',10),(101100,'YAROWILCA',10),(110100,'ICA',11),(110200,'CHINCHA',11),(110300,'NAZCA',11),(110400,'PALPA',11),(110500,'PISCO',11),(120100,'HUANCAYO',12),(120200,'CONCEPCION',12),(120300,'CHANCHAMAYO',12),(120400,'JAUJA',12),(120500,'JUNIN',12),(120600,'SATIPO',12),(120700,'TARMA',12),(120800,'YAULI',12),(120900,'CHUPACA',12),(130100,'TRUJILLO',13),(130200,'ASCOPE',13),(130300,'BOLIVAR',13),(130400,'CHEPEN',13),(130500,'JULCAN',13),(130600,'OTUZCO',13),(130700,'PACASMAYO',13),(130800,'PATAZ',13),(130900,'SANCHEZ CARRION',13),(131000,'SANTIAGO DE CHUCO',13),(131100,'GRAN CHIMU',13),(131200,'VIRU',13),(140100,'CHICLAYO',14),(140200,'FERRE??AFE',14),(140300,'LAMBAYEQUE',14),(150100,'LIMA',15),(150200,'BARRANCA',15),(150300,'CAJATAMBO',15),(150400,'CANTA',15),(150500,'CAÑETE',15),(150600,'HUARAL',15),(150700,'HUAROCHIRI',15),(150800,'HUAURA',15),(150900,'OYON',15),(151000,'YAUYOS',15),(160100,'MAYNAS',16),(160200,'ALTO AMAZONAS',16),(160300,'LORETO',16),(160400,'MARISCAL RAMON CASTILLA',16),(160500,'REQUENA',16),(160600,'UCAYALI',16),(170100,'TAMBOPATA',17),(170200,'MANU',17),(170300,'TAHUAMANU',17),(180100,'MARISCAL NIETO',18),(180200,'GENERAL SANCHEZ CERRO',18),(180300,'ILO',18),(190100,'PASCO',19),(190200,'DANIEL ALCIDES CARRION',19),(190300,'OXAPAMPA',19),(200100,'PIURA',20),(200200,'AYABACA',20),(200300,'HUANCABAMBA',20),(200400,'MORROPON',20),(200500,'PAITA',20),(200600,'SULLANA',20),(200700,'TALARA',20),(200800,'SECHURA',20),(210100,'PUNO',21),(210200,'AZANGARO',21),(210300,'CARABAYA',21),(210400,'CHUCUITO',21),(210500,'EL COLLAO',21),(210600,'HUANCANE',21),(210700,'LAMPA',21),(210800,'MELGAR',21),(210900,'MOHO',21),(211000,'SAN ANTONIO DE PUTINA',21),(211100,'SAN ROMAN',21),(211200,'SANDIA',21),(211300,'YUNGUYO',21),(220100,'MOYOBAMBA',22),(220200,'BELLAVISTA',22),(220300,'EL DORADO',22),(220400,'HUALLAGA',22),(220500,'LAMAS',22),(220600,'MARISCAL CACERES',22),(220700,'PICOTA',22),(220800,'RIOJA',22),(220900,'SAN MARTIN',22),(221000,'TOCACHE',22),(230100,'TACNA',23),(230200,'CANDARAVE',23),(230300,'JORGE BASADRE',23),(230400,'TARATA',23),(240100,'TUMBES',24),(240200,'CONTRALMIRANTE VILLAR',24),(240300,'ZARUMILLA',24),(250100,'CORONEL PORTILLO',25),(250200,'ATALAYA',25),(250300,'PADRE ABAD',25),(250400,'PURUS',25),(250401,'PURUS',25);
/*!40000 ALTER TABLE `provincias` ENABLE KEYS */;

--
-- Table structure for table `usuario`
--

DROP TABLE IF EXISTS `usuario`;
/*!40101 SET @saved_cs_client     = @@character_set_client */;
/*!40101 SET character_set_client = utf8 */;
CREATE TABLE `usuario` (
  `idusuario` int(11) NOT NULL AUTO_INCREMENT,
  `iddatos_principales` int(11) DEFAULT NULL,
  `login` varchar(45) COLLATE utf8_spanish_ci DEFAULT NULL,
  `clave` varchar(45) COLLATE utf8_spanish_ci DEFAULT NULL,
  `condicion` tinyint(4) DEFAULT NULL,
  PRIMARY KEY (`idusuario`),
  KEY `iddatos_principales` (`iddatos_principales`),
  CONSTRAINT `usuario_ibfk_1` FOREIGN KEY (`iddatos_principales`) REFERENCES `datos_principales` (`iddatos_principales`)
) ENGINE=InnoDB AUTO_INCREMENT=7 DEFAULT CHARSET=utf8 COLLATE=utf8_spanish_ci;
/*!40101 SET character_set_client = @saved_cs_client */;

--
-- Dumping data for table `usuario`
--

/*!40000 ALTER TABLE `usuario` DISABLE KEYS */;
INSERT INTO `usuario` VALUES (1,1,'mattmk18','hangar18',1),(2,2,'pdionisio','1234',1),(3,3,'nchavez','1234',0),(4,4,'mchacaltana','1714',1),(5,5,'scollahua','1234',1),(6,6,'cdonayre','1234',1);
/*!40000 ALTER TABLE `usuario` ENABLE KEYS */;

--
-- Table structure for table `usuario_permiso`
--

DROP TABLE IF EXISTS `usuario_permiso`;
/*!40101 SET @saved_cs_client     = @@character_set_client */;
/*!40101 SET character_set_client = utf8 */;
CREATE TABLE `usuario_permiso` (
  `idusuario_permiso` int(11) NOT NULL AUTO_INCREMENT,
  `idusuario` int(11) DEFAULT NULL,
  `idpermiso` int(11) DEFAULT NULL,
  PRIMARY KEY (`idusuario_permiso`),
  KEY `idpermiso` (`idpermiso`),
  KEY `idusuario` (`idusuario`)
) ENGINE=InnoDB AUTO_INCREMENT=73 DEFAULT CHARSET=utf8 COLLATE=utf8_spanish_ci;
/*!40101 SET character_set_client = @saved_cs_client */;

--
-- Dumping data for table `usuario_permiso`
--

/*!40000 ALTER TABLE `usuario_permiso` DISABLE KEYS */;
INSERT INTO `usuario_permiso` VALUES (1,1,1),(2,1,2),(3,1,3),(4,2,1),(5,2,2),(6,2,3),(13,7,1),(14,7,2),(15,7,3),(16,8,1),(17,8,2),(18,8,3),(19,9,1),(20,9,3),(21,10,1),(22,10,3),(23,11,1),(24,11,3),(25,12,1),(26,12,3),(27,13,1),(28,13,3),(29,14,1),(30,14,2),(31,14,3),(32,15,1),(33,15,2),(34,15,3),(56,17,3),(57,1,1),(58,1,2),(59,1,3),(60,2,1),(61,2,2),(62,3,2),(64,5,2),(69,6,1),(70,6,2),(71,6,3),(72,4,2);
/*!40000 ALTER TABLE `usuario_permiso` ENABLE KEYS */;

--
-- Dumping routines for database 'u722989936_data'
--
/*!40103 SET TIME_ZONE=@OLD_TIME_ZONE */;

/*!40101 SET SQL_MODE=@OLD_SQL_MODE */;
/*!40014 SET FOREIGN_KEY_CHECKS=@OLD_FOREIGN_KEY_CHECKS */;
/*!40014 SET UNIQUE_CHECKS=@OLD_UNIQUE_CHECKS */;
/*!40101 SET CHARACTER_SET_CLIENT=@OLD_CHARACTER_SET_CLIENT */;
/*!40101 SET CHARACTER_SET_RESULTS=@OLD_CHARACTER_SET_RESULTS */;
/*!40101 SET COLLATION_CONNECTION=@OLD_COLLATION_CONNECTION */;
/*!40111 SET SQL_NOTES=@OLD_SQL_NOTES */;

-- Dump completed on 2018-10-29  4:49:50
